source_file,benchmark,context,operator,uses,mean_reward
ablation_v1_v5_r20\V2\CyberShake\reports\CyberShake_30_adare_controller_trace.csv,CyberShake_30,early:high_div:moving,one_point,3970,0.07058771984403867
ablation_v1_v5_r20\V2\CyberShake\reports\CyberShake_30_adare_controller_trace.csv,CyberShake_30,early:high_div:moving,two_point,3959,0.07294725177175673
ablation_v1_v5_r20\V2\CyberShake\reports\CyberShake_30_adare_controller_trace.csv,CyberShake_30,early:high_div:moving,uniform_0_5,3787,0.05861569401199063
ablation_v1_v5_r20\V2\CyberShake\reports\CyberShake_30_adare_controller_trace.csv,CyberShake_30,early:high_div:moving,uniform_0_8,4078,0.07321855427447535
ablation_v1_v5_r20\V2\CyberShake\reports\CyberShake_30_adare_controller_trace.csv,CyberShake_30,early:high_div:stagnant,one_point,1249,0.05920348170025986
ablation_v1_v5_r20\V2\CyberShake\reports\CyberShake_30_adare_controller_trace.csv,CyberShake_30,early:high_div:stagnant,two_point,1166,0.05785292662243782
ablation_v1_v5_r20\V2\CyberShake\reports\CyberShake_30_adare_controller_trace.csv,CyberShake_30,early:high_div:stagnant,uniform_0_5,1151,0.04453429051596473
ablation_v1_v5_r20\V2\CyberShake\reports\CyberShake_30_adare_controller_trace.csv,CyberShake_30,early:high_div:stagnant,uniform_0_8,1159,0.06342424873864434
ablation_v1_v5_r20\V2\CyberShake\reports\CyberShake_30_adare_controller_trace.csv,CyberShake_30,late:high_div:moving,one_point,1078,0.05107441015030105
ablation_v1_v5_r20\V2\CyberShake\reports\CyberShake_30_adare_controller_trace.csv,CyberShake_30,late:high_div:moving,two_point,1049,0.054249972526861326
ablation_v1_v5_r20\V2\CyberShake\reports\CyberShake_30_adare_controller_trace.csv,CyberShake_30,late:high_div:moving,uniform_0_5,989,0.0384491965249525
ablation_v1_v5_r20\V2\CyberShake\reports\CyberShake_30_adare_controller_trace.csv,CyberShake_30,late:high_div:moving,uniform_0_8,1003,0.05224129036999478
ablation_v1_v5_r20\V2\CyberShake\reports\CyberShake_30_adare_controller_trace.csv,CyberShake_30,late:high_div:stagnant,one_point,3912,0.053003845707656407
ablation_v1_v5_r20\V2\CyberShake\reports\CyberShake_30_adare_controller_trace.csv,CyberShake_30,late:high_div:stagnant,two_point,4035,0.05107395570650433
ablation_v1_v5_r20\V2\CyberShake\reports\CyberShake_30_adare_controller_trace.csv,CyberShake_30,late:high_div:stagnant,uniform_0_5,3528,0.03744691658085418
ablation_v1_v5_r20\V2\CyberShake\reports\CyberShake_30_adare_controller_trace.csv,CyberShake_30,late:high_div:stagnant,uniform_0_8,3933,0.053050367118306976
ablation_v1_v5_r20\V2\CyberShake\reports\CyberShake_30_adare_controller_trace.csv,CyberShake_30,middle:high_div:moving,one_point,2057,0.05209450974967848
ablation_v1_v5_r20\V2\CyberShake\reports\CyberShake_30_adare_controller_trace.csv,CyberShake_30,middle:high_div:moving,two_point,2336,0.05168625450758666
ablation_v1_v5_r20\V2\CyberShake\reports\CyberShake_30_adare_controller_trace.csv,CyberShake_30,middle:high_div:moving,uniform_0_5,2029,0.03714338715251692
ablation_v1_v5_r20\V2\CyberShake\reports\CyberShake_30_adare_controller_trace.csv,CyberShake_30,middle:high_div:moving,uniform_0_8,2282,0.05331607005156017
ablation_v1_v5_r20\V2\CyberShake\reports\CyberShake_30_adare_controller_trace.csv,CyberShake_30,middle:high_div:stagnant,one_point,2879,0.05206129847925056
ablation_v1_v5_r20\V2\CyberShake\reports\CyberShake_30_adare_controller_trace.csv,CyberShake_30,middle:high_div:stagnant,two_point,2811,0.054474962011765105
ablation_v1_v5_r20\V2\CyberShake\reports\CyberShake_30_adare_controller_trace.csv,CyberShake_30,middle:high_div:stagnant,uniform_0_5,2500,0.037451107724612305
ablation_v1_v5_r20\V2\CyberShake\reports\CyberShake_30_adare_controller_trace.csv,CyberShake_30,middle:high_div:stagnant,uniform_0_8,2715,0.054919287536821286
ablation_v1_v5_r20\V2\Epigenomics\reports\Epigenomics_24_adare_controller_trace.csv,Epigenomics_24,early:high_div:moving,one_point,4296,0.09129284048190439
ablation_v1_v5_r20\V2\Epigenomics\reports\Epigenomics_24_adare_controller_trace.csv,Epigenomics_24,early:high_div:moving,two_point,4390,0.0943137495467453
ablation_v1_v5_r20\V2\Epigenomics\reports\Epigenomics_24_adare_controller_trace.csv,Epigenomics_24,early:high_div:moving,uniform_0_5,3456,0.0650650726757949
ablation_v1_v5_r20\V2\Epigenomics\reports\Epigenomics_24_adare_controller_trace.csv,Epigenomics_24,early:high_div:moving,uniform_0_8,3978,0.08134384807105673
ablation_v1_v5_r20\V2\Epigenomics\reports\Epigenomics_24_adare_controller_trace.csv,Epigenomics_24,early:high_div:stagnant,one_point,1084,0.0842442220392698
ablation_v1_v5_r20\V2\Epigenomics\reports\Epigenomics_24_adare_controller_trace.csv,Epigenomics_24,early:high_div:stagnant,two_point,1120,0.08470313833436632
ablation_v1_v5_r20\V2\Epigenomics\reports\Epigenomics_24_adare_controller_trace.csv,Epigenomics_24,early:high_div:stagnant,uniform_0_5,971,0.059480060110312004
ablation_v1_v5_r20\V2\Epigenomics\reports\Epigenomics_24_adare_controller_trace.csv,Epigenomics_24,early:high_div:stagnant,uniform_0_8,1075,0.07431574154828478
ablation_v1_v5_r20\V2\Epigenomics\reports\Epigenomics_24_adare_controller_trace.csv,Epigenomics_24,late:high_div:moving,one_point,1512,0.0778990888135313
ablation_v1_v5_r20\V2\Epigenomics\reports\Epigenomics_24_adare_controller_trace.csv,Epigenomics_24,late:high_div:moving,two_point,1476,0.07945013542472656
ablation_v1_v5_r20\V2\Epigenomics\reports\Epigenomics_24_adare_controller_trace.csv,Epigenomics_24,late:high_div:moving,uniform_0_5,1337,0.05024463135615374
ablation_v1_v5_r20\V2\Epigenomics\reports\Epigenomics_24_adare_controller_trace.csv,Epigenomics_24,late:high_div:moving,uniform_0_8,1387,0.06469190255034504
ablation_v1_v5_r20\V2\Epigenomics\reports\Epigenomics_24_adare_controller_trace.csv,Epigenomics_24,late:high_div:stagnant,one_point,3656,0.07756625719837444
ablation_v1_v5_r20\V2\Epigenomics\reports\Epigenomics_24_adare_controller_trace.csv,Epigenomics_24,late:high_div:stagnant,two_point,3684,0.07811943800070098
ablation_v1_v5_r20\V2\Epigenomics\reports\Epigenomics_24_adare_controller_trace.csv,Epigenomics_24,late:high_div:stagnant,uniform_0_5,3124,0.04981594004854621
ablation_v1_v5_r20\V2\Epigenomics\reports\Epigenomics_24_adare_controller_trace.csv,Epigenomics_24,late:high_div:stagnant,uniform_0_8,3420,0.06204357798762729
ablation_v1_v5_r20\V2\Epigenomics\reports\Epigenomics_24_adare_controller_trace.csv,Epigenomics_24,middle:high_div:moving,one_point,2496,0.08008662366032936
ablation_v1_v5_r20\V2\Epigenomics\reports\Epigenomics_24_adare_controller_trace.csv,Epigenomics_24,middle:high_div:moving,two_point,2508,0.08654481403400965
ablation_v1_v5_r20\V2\Epigenomics\reports\Epigenomics_24_adare_controller_trace.csv,Epigenomics_24,middle:high_div:moving,uniform_0_5,2025,0.05492929688548019
ablation_v1_v5_r20\V2\Epigenomics\reports\Epigenomics_24_adare_controller_trace.csv,Epigenomics_24,middle:high_div:moving,uniform_0_8,2220,0.06725944850269268
ablation_v1_v5_r20\V2\Epigenomics\reports\Epigenomics_24_adare_controller_trace.csv,Epigenomics_24,middle:high_div:stagnant,one_point,2660,0.08000186096575793
ablation_v1_v5_r20\V2\Epigenomics\reports\Epigenomics_24_adare_controller_trace.csv,Epigenomics_24,middle:high_div:stagnant,two_point,2805,0.08345973282360178
ablation_v1_v5_r20\V2\Epigenomics\reports\Epigenomics_24_adare_controller_trace.csv,Epigenomics_24,middle:high_div:stagnant,uniform_0_5,2337,0.05493907966410945
ablation_v1_v5_r20\V2\Epigenomics\reports\Epigenomics_24_adare_controller_trace.csv,Epigenomics_24,middle:high_div:stagnant,uniform_0_8,2520,0.0683357270436574
ablation_v1_v5_r20\V2\Montage\reports\Montage_25_adare_controller_trace.csv,Montage_25,early:high_div:moving,one_point,5104,0.06191261110804032
ablation_v1_v5_r20\V2\Montage\reports\Montage_25_adare_controller_trace.csv,Montage_25,early:high_div:moving,two_point,4907,0.05554777815141043
ablation_v1_v5_r20\V2\Montage\reports\Montage_25_adare_controller_trace.csv,Montage_25,early:high_div:moving,uniform_0_5,4055,0.03998877324387937
ablation_v1_v5_r20\V2\Montage\reports\Montage_25_adare_controller_trace.csv,Montage_25,early:high_div:moving,uniform_0_8,4642,0.050677795746944296
ablation_v1_v5_r20\V2\Montage\reports\Montage_25_adare_controller_trace.csv,Montage_25,early:high_div:stagnant,one_point,436,0.04723695462919348
ablation_v1_v5_r20\V2\Montage\reports\Montage_25_adare_controller_trace.csv,Montage_25,early:high_div:stagnant,two_point,436,0.03981273491364735
ablation_v1_v5_r20\V2\Montage\reports\Montage_25_adare_controller_trace.csv,Montage_25,early:high_div:stagnant,uniform_0_5,392,0.009623143080350125
ablation_v1_v5_r20\V2\Montage\reports\Montage_25_adare_controller_trace.csv,Montage_25,early:high_div:stagnant,uniform_0_8,408,0.030825720362867067
ablation_v1_v5_r20\V2\Montage\reports\Montage_25_adare_controller_trace.csv,Montage_25,late:high_div:moving,one_point,1857,0.03888588579228064
ablation_v1_v5_r20\V2\Montage\reports\Montage_25_adare_controller_trace.csv,Montage_25,late:high_div:moving,two_point,1908,0.03441999367829716
ablation_v1_v5_r20\V2\Montage\reports\Montage_25_adare_controller_trace.csv,Montage_25,late:high_div:moving,uniform_0_5,1680,0.011790687111755817
ablation_v1_v5_r20\V2\Montage\reports\Montage_25_adare_controller_trace.csv,Montage_25,late:high_div:moving,uniform_0_8,1704,0.02876810231646616
ablation_v1_v5_r20\V2\Montage\reports\Montage_25_adare_controller_trace.csv,Montage_25,late:high_div:stagnant,one_point,3383,0.03864448344913926
ablation_v1_v5_r20\V2\Montage\reports\Montage_25_adare_controller_trace.csv,Montage_25,late:high_div:stagnant,two_point,3175,0.030511922908410094
ablation_v1_v5_r20\V2\Montage\reports\Montage_25_adare_controller_trace.csv,Montage_25,late:high_div:stagnant,uniform_0_5,2899,0.010644949510629605
ablation_v1_v5_r20\V2\Montage\reports\Montage_25_adare_controller_trace.csv,Montage_25,late:high_div:stagnant,uniform_0_8,2961,0.026740159526493355
ablation_v1_v5_r20\V2\Montage\reports\Montage_25_adare_controller_trace.csv,Montage_25,middle:high_div:moving,one_point,2699,0.042913325664005214
ablation_v1_v5_r20\V2\Montage\reports\Montage_25_adare_controller_trace.csv,Montage_25,middle:high_div:moving,two_point,2551,0.03411577122102942
ablation_v1_v5_r20\V2\Montage\reports\Montage_25_adare_controller_trace.csv,Montage_25,middle:high_div:moving,uniform_0_5,2062,0.009731865987088818
ablation_v1_v5_r20\V2\Montage\reports\Montage_25_adare_controller_trace.csv,Montage_25,middle:high_div:moving,uniform_0_8,2447,0.029208612501630024
ablation_v1_v5_r20\V2\Montage\reports\Montage_25_adare_controller_trace.csv,Montage_25,middle:high_div:stagnant,one_point,2661,0.0427171410785823
ablation_v1_v5_r20\V2\Montage\reports\Montage_25_adare_controller_trace.csv,Montage_25,middle:high_div:stagnant,two_point,2553,0.03385929552361769
ablation_v1_v5_r20\V2\Montage\reports\Montage_25_adare_controller_trace.csv,Montage_25,middle:high_div:stagnant,uniform_0_5,2174,0.012679496149704437
ablation_v1_v5_r20\V2\Montage\reports\Montage_25_adare_controller_trace.csv,Montage_25,middle:high_div:stagnant,uniform_0_8,2382,0.03197890450903499
ablation_v1_v5_r20\V3\CyberShake\reports\CyberShake_30_adare_controller_trace.csv,CyberShake_30,early:high_div:moving,one_point,4261,0.07068446226677745
ablation_v1_v5_r20\V3\CyberShake\reports\CyberShake_30_adare_controller_trace.csv,CyberShake_30,early:high_div:moving,two_point,4060,0.07361652486409741
ablation_v1_v5_r20\V3\CyberShake\reports\CyberShake_30_adare_controller_trace.csv,CyberShake_30,early:high_div:moving,uniform_0_5,3729,0.0612745599289276
ablation_v1_v5_r20\V3\CyberShake\reports\CyberShake_30_adare_controller_trace.csv,CyberShake_30,early:high_div:moving,uniform_0_8,4261,0.07361768572698943
ablation_v1_v5_r20\V3\CyberShake\reports\CyberShake_30_adare_controller_trace.csv,CyberShake_30,early:high_div:stagnant,one_point,1012,0.05841259261068725
ablation_v1_v5_r20\V3\CyberShake\reports\CyberShake_30_adare_controller_trace.csv,CyberShake_30,early:high_div:stagnant,two_point,1101,0.061475148107519834
ablation_v1_v5_r20\V3\CyberShake\reports\CyberShake_30_adare_controller_trace.csv,CyberShake_30,early:high_div:stagnant,uniform_0_5,934,0.041210835953190326
ablation_v1_v5_r20\V3\CyberShake\reports\CyberShake_30_adare_controller_trace.csv,CyberShake_30,early:high_div:stagnant,uniform_0_8,1039,0.05715976922012177
ablation_v1_v5_r20\V3\CyberShake\reports\CyberShake_30_adare_controller_trace.csv,CyberShake_30,late:high_div:moving,one_point,1304,0.047891403524587324
ablation_v1_v5_r20\V3\CyberShake\reports\CyberShake_30_adare_controller_trace.csv,CyberShake_30,late:high_div:moving,two_point,1389,0.052472748610468266
ablation_v1_v5_r20\V3\CyberShake\reports\CyberShake_30_adare_controller_trace.csv,CyberShake_30,late:high_div:moving,uniform_0_5,1213,0.035901619884764036
ablation_v1_v5_r20\V3\CyberShake\reports\CyberShake_30_adare_controller_trace.csv,CyberShake_30,late:high_div:moving,uniform_0_8,1321,0.0594071428235293
ablation_v1_v5_r20\V3\CyberShake\reports\CyberShake_30_adare_controller_trace.csv,CyberShake_30,late:high_div:stagnant,one_point,3771,0.053233394141109405
ablation_v1_v5_r20\V3\CyberShake\reports\CyberShake_30_adare_controller_trace.csv,CyberShake_30,late:high_div:stagnant,two_point,3691,0.053609689343427976
ablation_v1_v5_r20\V3\CyberShake\reports\CyberShake_30_adare_controller_trace.csv,CyberShake_30,late:high_div:stagnant,uniform_0_5,3212,0.037926726089514834
ablation_v1_v5_r20\V3\CyberShake\reports\CyberShake_30_adare_controller_trace.csv,CyberShake_30,late:high_div:stagnant,uniform_0_8,3572,0.055846922500928604
ablation_v1_v5_r20\V3\CyberShake\reports\CyberShake_30_adare_controller_trace.csv,CyberShake_30,middle:high_div:moving,one_point,2015,0.05411202260315785
ablation_v1_v5_r20\V3\CyberShake\reports\CyberShake_30_adare_controller_trace.csv,CyberShake_30,middle:high_div:moving,two_point,1933,0.05550049938192268
ablation_v1_v5_r20\V3\CyberShake\reports\CyberShake_30_adare_controller_trace.csv,CyberShake_30,middle:high_div:moving,uniform_0_5,1727,0.04074881421894096
ablation_v1_v5_r20\V3\CyberShake\reports\CyberShake_30_adare_controller_trace.csv,CyberShake_30,middle:high_div:moving,uniform_0_8,1936,0.05742464282593067
ablation_v1_v5_r20\V3\CyberShake\reports\CyberShake_30_adare_controller_trace.csv,CyberShake_30,middle:high_div:stagnant,one_point,2996,0.055361258881399034
ablation_v1_v5_r20\V3\CyberShake\reports\CyberShake_30_adare_controller_trace.csv,CyberShake_30,middle:high_div:stagnant,two_point,3052,0.05230208975475819
ablation_v1_v5_r20\V3\CyberShake\reports\CyberShake_30_adare_controller_trace.csv,CyberShake_30,middle:high_div:stagnant,uniform_0_5,2854,0.041800889621738946
ablation_v1_v5_r20\V3\CyberShake\reports\CyberShake_30_adare_controller_trace.csv,CyberShake_30,middle:high_div:stagnant,uniform_0_8,3100,0.05703870205754424
ablation_v1_v5_r20\V3\Epigenomics\reports\Epigenomics_24_adare_controller_trace.csv,Epigenomics_24,early:high_div:moving,one_point,4362,0.09083210003168307
ablation_v1_v5_r20\V3\Epigenomics\reports\Epigenomics_24_adare_controller_trace.csv,Epigenomics_24,early:high_div:moving,two_point,4560,0.09274342424287074
ablation_v1_v5_r20\V3\Epigenomics\reports\Epigenomics_24_adare_controller_trace.csv,Epigenomics_24,early:high_div:moving,uniform_0_5,3532,0.06391520293256123
ablation_v1_v5_r20\V3\Epigenomics\reports\Epigenomics_24_adare_controller_trace.csv,Epigenomics_24,early:high_div:moving,uniform_0_8,4227,0.07785245030550264
ablation_v1_v5_r20\V3\Epigenomics\reports\Epigenomics_24_adare_controller_trace.csv,Epigenomics_24,early:high_div:stagnant,one_point,986,0.08469843943374133
ablation_v1_v5_r20\V3\Epigenomics\reports\Epigenomics_24_adare_controller_trace.csv,Epigenomics_24,early:high_div:stagnant,two_point,987,0.09048703782451943
ablation_v1_v5_r20\V3\Epigenomics\reports\Epigenomics_24_adare_controller_trace.csv,Epigenomics_24,early:high_div:stagnant,uniform_0_5,860,0.05721974085784262
ablation_v1_v5_r20\V3\Epigenomics\reports\Epigenomics_24_adare_controller_trace.csv,Epigenomics_24,early:high_div:stagnant,uniform_0_8,927,0.07061273780257273
ablation_v1_v5_r20\V3\Epigenomics\reports\Epigenomics_24_adare_controller_trace.csv,Epigenomics_24,late:high_div:moving,one_point,898,0.07505430546752331
ablation_v1_v5_r20\V3\Epigenomics\reports\Epigenomics_24_adare_controller_trace.csv,Epigenomics_24,late:high_div:moving,two_point,862,0.0805355040945749
ablation_v1_v5_r20\V3\Epigenomics\reports\Epigenomics_24_adare_controller_trace.csv,Epigenomics_24,late:high_div:moving,uniform_0_5,771,0.05097813156058395
ablation_v1_v5_r20\V3\Epigenomics\reports\Epigenomics_24_adare_controller_trace.csv,Epigenomics_24,late:high_div:moving,uniform_0_8,888,0.06568272442423116
ablation_v1_v5_r20\V3\Epigenomics\reports\Epigenomics_24_adare_controller_trace.csv,Epigenomics_24,late:high_div:stagnant,one_point,4348,0.07642765341047614
ablation_v1_v5_r20\V3\Epigenomics\reports\Epigenomics_24_adare_controller_trace.csv,Epigenomics_24,late:high_div:stagnant,two_point,4237,0.07777033674259234
ablation_v1_v5_r20\V3\Epigenomics\reports\Epigenomics_24_adare_controller_trace.csv,Epigenomics_24,late:high_div:stagnant,uniform_0_5,3670,0.05339801740615693
ablation_v1_v5_r20\V3\Epigenomics\reports\Epigenomics_24_adare_controller_trace.csv,Epigenomics_24,late:high_div:stagnant,uniform_0_8,3829,0.06591902501609925
ablation_v1_v5_r20\V3\Epigenomics\reports\Epigenomics_24_adare_controller_trace.csv,Epigenomics_24,middle:high_div:moving,one_point,2479,0.08060690516979704
ablation_v1_v5_r20\V3\Epigenomics\reports\Epigenomics_24_adare_controller_trace.csv,Epigenomics_24,middle:high_div:moving,two_point,2390,0.08156008132271078
ablation_v1_v5_r20\V3\Epigenomics\reports\Epigenomics_24_adare_controller_trace.csv,Epigenomics_24,middle:high_div:moving,uniform_0_5,2158,0.051731147584221766
ablation_v1_v5_r20\V3\Epigenomics\reports\Epigenomics_24_adare_controller_trace.csv,Epigenomics_24,middle:high_div:moving,uniform_0_8,2359,0.07018857470154746
ablation_v1_v5_r20\V3\Epigenomics\reports\Epigenomics_24_adare_controller_trace.csv,Epigenomics_24,middle:high_div:stagnant,one_point,2680,0.07840024380751119
ablation_v1_v5_r20\V3\Epigenomics\reports\Epigenomics_24_adare_controller_trace.csv,Epigenomics_24,middle:high_div:stagnant,two_point,2701,0.08147671085551401
ablation_v1_v5_r20\V3\Epigenomics\reports\Epigenomics_24_adare_controller_trace.csv,Epigenomics_24,middle:high_div:stagnant,uniform_0_5,2280,0.05357417290261727
ablation_v1_v5_r20\V3\Epigenomics\reports\Epigenomics_24_adare_controller_trace.csv,Epigenomics_24,middle:high_div:stagnant,uniform_0_8,2422,0.06606866997490253
ablation_v1_v5_r20\V3\Montage\reports\Montage_25_adare_controller_trace.csv,Montage_25,early:high_div:moving,one_point,4994,0.0655435240367809
ablation_v1_v5_r20\V3\Montage\reports\Montage_25_adare_controller_trace.csv,Montage_25,early:high_div:moving,two_point,4791,0.055764823939129134
ablation_v1_v5_r20\V3\Montage\reports\Montage_25_adare_controller_trace.csv,Montage_25,early:high_div:moving,uniform_0_5,3899,0.036155407520088514
ablation_v1_v5_r20\V3\Montage\reports\Montage_25_adare_controller_trace.csv,Montage_25,early:high_div:moving,uniform_0_8,4401,0.05138492373803602
ablation_v1_v5_r20\V3\Montage\reports\Montage_25_adare_controller_trace.csv,Montage_25,early:high_div:stagnant,one_point,604,0.05010278963084498
ablation_v1_v5_r20\V3\Montage\reports\Montage_25_adare_controller_trace.csv,Montage_25,early:high_div:stagnant,two_point,616,0.042124741884948795
ablation_v1_v5_r20\V3\Montage\reports\Montage_25_adare_controller_trace.csv,Montage_25,early:high_div:stagnant,uniform_0_5,545,0.016290687252835938
ablation_v1_v5_r20\V3\Montage\reports\Montage_25_adare_controller_trace.csv,Montage_25,early:high_div:stagnant,uniform_0_8,552,0.03192683229739522
ablation_v1_v5_r20\V3\Montage\reports\Montage_25_adare_controller_trace.csv,Montage_25,late:high_div:moving,one_point,1915,0.044723295178953425
ablation_v1_v5_r20\V3\Montage\reports\Montage_25_adare_controller_trace.csv,Montage_25,late:high_div:moving,two_point,1822,0.03486944575443203
ablation_v1_v5_r20\V3\Montage\reports\Montage_25_adare_controller_trace.csv,Montage_25,late:high_div:moving,uniform_0_5,1540,0.012569570858156898
ablation_v1_v5_r20\V3\Montage\reports\Montage_25_adare_controller_trace.csv,Montage_25,late:high_div:moving,uniform_0_8,1716,0.030425555636792806
ablation_v1_v5_r20\V3\Montage\reports\Montage_25_adare_controller_trace.csv,Montage_25,late:high_div:stagnant,one_point,3397,0.04190070927602051
ablation_v1_v5_r20\V3\Montage\reports\Montage_25_adare_controller_trace.csv,Montage_25,late:high_div:stagnant,two_point,3261,0.03369566220644714
ablation_v1_v5_r20\V3\Montage\reports\Montage_25_adare_controller_trace.csv,Montage_25,late:high_div:stagnant,uniform_0_5,2865,0.013638388521790532
ablation_v1_v5_r20\V3\Montage\reports\Montage_25_adare_controller_trace.csv,Montage_25,late:high_div:stagnant,uniform_0_8,3073,0.027892858805589393
ablation_v1_v5_r20\V3\Montage\reports\Montage_25_adare_controller_trace.csv,Montage_25,middle:high_div:moving,one_point,2605,0.040330410383721205
ablation_v1_v5_r20\V3\Montage\reports\Montage_25_adare_controller_trace.csv,Montage_25,middle:high_div:moving,two_point,2483,0.03576602212794065
ablation_v1_v5_r20\V3\Montage\reports\Montage_25_adare_controller_trace.csv,Montage_25,middle:high_div:moving,uniform_0_5,2123,0.011704482287784472
ablation_v1_v5_r20\V3\Montage\reports\Montage_25_adare_controller_trace.csv,Montage_25,middle:high_div:moving,uniform_0_8,2509,0.029629451160660042
ablation_v1_v5_r20\V3\Montage\reports\Montage_25_adare_controller_trace.csv,Montage_25,middle:high_div:stagnant,one_point,2626,0.04213969944491698
ablation_v1_v5_r20\V3\Montage\reports\Montage_25_adare_controller_trace.csv,Montage_25,middle:high_div:stagnant,two_point,2551,0.03463353342908548
ablation_v1_v5_r20\V3\Montage\reports\Montage_25_adare_controller_trace.csv,Montage_25,middle:high_div:stagnant,uniform_0_5,2173,0.010817981710953013
ablation_v1_v5_r20\V3\Montage\reports\Montage_25_adare_controller_trace.csv,Montage_25,middle:high_div:stagnant,uniform_0_8,2444,0.02978879824048061
ablation_v1_v5_r20\V4\CyberShake\reports\CyberShake_30_adare_controller_trace.csv,CyberShake_30,early:high_div:moving,one_point,3801,0.07492803786257847
ablation_v1_v5_r20\V4\CyberShake\reports\CyberShake_30_adare_controller_trace.csv,CyberShake_30,early:high_div:moving,two_point,3896,0.07341278019971939
ablation_v1_v5_r20\V4\CyberShake\reports\CyberShake_30_adare_controller_trace.csv,CyberShake_30,early:high_div:moving,uniform_0_5,3472,0.061650136843446265
ablation_v1_v5_r20\V4\CyberShake\reports\CyberShake_30_adare_controller_trace.csv,CyberShake_30,early:high_div:moving,uniform_0_8,3850,0.07704531279504015
ablation_v1_v5_r20\V4\CyberShake\reports\CyberShake_30_adare_controller_trace.csv,CyberShake_30,early:high_div:stagnant,one_point,1406,0.058082980851095894
ablation_v1_v5_r20\V4\CyberShake\reports\CyberShake_30_adare_controller_trace.csv,CyberShake_30,early:high_div:stagnant,two_point,1355,0.053137301213439375
ablation_v1_v5_r20\V4\CyberShake\reports\CyberShake_30_adare_controller_trace.csv,CyberShake_30,early:high_div:stagnant,uniform_0_5,1257,0.04290262858665714
ablation_v1_v5_r20\V4\CyberShake\reports\CyberShake_30_adare_controller_trace.csv,CyberShake_30,early:high_div:stagnant,uniform_0_8,1381,0.0595170521710658
ablation_v1_v5_r20\V4\CyberShake\reports\CyberShake_30_adare_controller_trace.csv,CyberShake_30,late:high_div:moving,one_point,1153,0.05254825515400426
ablation_v1_v5_r20\V4\CyberShake\reports\CyberShake_30_adare_controller_trace.csv,CyberShake_30,late:high_div:moving,two_point,1140,0.05234140274766189
ablation_v1_v5_r20\V4\CyberShake\reports\CyberShake_30_adare_controller_trace.csv,CyberShake_30,late:high_div:moving,uniform_0_5,1028,0.03332079165547773
ablation_v1_v5_r20\V4\CyberShake\reports\CyberShake_30_adare_controller_trace.csv,CyberShake_30,late:high_div:moving,uniform_0_8,1116,0.05162978355993343
ablation_v1_v5_r20\V4\CyberShake\reports\CyberShake_30_adare_controller_trace.csv,CyberShake_30,late:high_div:stagnant,one_point,3992,0.05369395095499059
ablation_v1_v5_r20\V4\CyberShake\reports\CyberShake_30_adare_controller_trace.csv,CyberShake_30,late:high_div:stagnant,two_point,3846,0.05149697290305869
ablation_v1_v5_r20\V4\CyberShake\reports\CyberShake_30_adare_controller_trace.csv,CyberShake_30,late:high_div:stagnant,uniform_0_5,3392,0.036729269961997414
ablation_v1_v5_r20\V4\CyberShake\reports\CyberShake_30_adare_controller_trace.csv,CyberShake_30,late:high_div:stagnant,uniform_0_8,3921,0.054300743330893
ablation_v1_v5_r20\V4\CyberShake\reports\CyberShake_30_adare_controller_trace.csv,CyberShake_30,middle:high_div:moving,one_point,1977,0.0529966562242159
ablation_v1_v5_r20\V4\CyberShake\reports\CyberShake_30_adare_controller_trace.csv,CyberShake_30,middle:high_div:moving,two_point,2150,0.053919221776359674
ablation_v1_v5_r20\V4\CyberShake\reports\CyberShake_30_adare_controller_trace.csv,CyberShake_30,middle:high_div:moving,uniform_0_5,2007,0.03917271673372157
ablation_v1_v5_r20\V4\CyberShake\reports\CyberShake_30_adare_controller_trace.csv,CyberShake_30,middle:high_div:moving,uniform_0_8,2097,0.05251643372562684
ablation_v1_v5_r20\V4\CyberShake\reports\CyberShake_30_adare_controller_trace.csv,CyberShake_30,middle:high_div:stagnant,one_point,2817,0.055348313704398966
ablation_v1_v5_r20\V4\CyberShake\reports\CyberShake_30_adare_controller_trace.csv,CyberShake_30,middle:high_div:stagnant,two_point,3028,0.055608019812518984
ablation_v1_v5_r20\V4\CyberShake\reports\CyberShake_30_adare_controller_trace.csv,CyberShake_30,middle:high_div:stagnant,uniform_0_5,2655,0.04263938477484543
ablation_v1_v5_r20\V4\CyberShake\reports\CyberShake_30_adare_controller_trace.csv,CyberShake_30,middle:high_div:stagnant,uniform_0_8,2884,0.05501945812005383
ablation_v1_v5_r20\V4\Epigenomics\reports\Epigenomics_24_adare_controller_trace.csv,Epigenomics_24,early:high_div:moving,one_point,4575,0.08838316442608331
ablation_v1_v5_r20\V4\Epigenomics\reports\Epigenomics_24_adare_controller_trace.csv,Epigenomics_24,early:high_div:moving,two_point,4826,0.09255822859323193
ablation_v1_v5_r20\V4\Epigenomics\reports\Epigenomics_24_adare_controller_trace.csv,Epigenomics_24,early:high_div:moving,uniform_0_5,3694,0.0626356416596773
ablation_v1_v5_r20\V4\Epigenomics\reports\Epigenomics_24_adare_controller_trace.csv,Epigenomics_24,early:high_div:moving,uniform_0_8,4030,0.07869817745256392
ablation_v1_v5_r20\V4\Epigenomics\reports\Epigenomics_24_adare_controller_trace.csv,Epigenomics_24,early:high_div:stagnant,one_point,862,0.08774932969260278
ablation_v1_v5_r20\V4\Epigenomics\reports\Epigenomics_24_adare_controller_trace.csv,Epigenomics_24,early:high_div:stagnant,two_point,801,0.09056036278816564
ablation_v1_v5_r20\V4\Epigenomics\reports\Epigenomics_24_adare_controller_trace.csv,Epigenomics_24,early:high_div:stagnant,uniform_0_5,740,0.05840796652580033
ablation_v1_v5_r20\V4\Epigenomics\reports\Epigenomics_24_adare_controller_trace.csv,Epigenomics_24,early:high_div:stagnant,uniform_0_8,780,0.06819976613182642
ablation_v1_v5_r20\V4\Epigenomics\reports\Epigenomics_24_adare_controller_trace.csv,Epigenomics_24,late:high_div:moving,one_point,1548,0.07733072659652875
ablation_v1_v5_r20\V4\Epigenomics\reports\Epigenomics_24_adare_controller_trace.csv,Epigenomics_24,late:high_div:moving,two_point,1320,0.07908358070473434
ablation_v1_v5_r20\V4\Epigenomics\reports\Epigenomics_24_adare_controller_trace.csv,Epigenomics_24,late:high_div:moving,uniform_0_5,1293,0.05375955808879954
ablation_v1_v5_r20\V4\Epigenomics\reports\Epigenomics_24_adare_controller_trace.csv,Epigenomics_24,late:high_div:moving,uniform_0_8,1354,0.06457873731931482
ablation_v1_v5_r20\V4\Epigenomics\reports\Epigenomics_24_adare_controller_trace.csv,Epigenomics_24,late:high_div:stagnant,one_point,3665,0.07587660810723913
ablation_v1_v5_r20\V4\Epigenomics\reports\Epigenomics_24_adare_controller_trace.csv,Epigenomics_24,late:high_div:stagnant,two_point,3750,0.07855428533729311
ablation_v1_v5_r20\V4\Epigenomics\reports\Epigenomics_24_adare_controller_trace.csv,Epigenomics_24,late:high_div:stagnant,uniform_0_5,3115,0.051744360746809916
ablation_v1_v5_r20\V4\Epigenomics\reports\Epigenomics_24_adare_controller_trace.csv,Epigenomics_24,late:high_div:stagnant,uniform_0_8,3468,0.06845196080717901
ablation_v1_v5_r20\V4\Epigenomics\reports\Epigenomics_24_adare_controller_trace.csv,Epigenomics_24,middle:high_div:moving,one_point,2029,0.08032807876966717
ablation_v1_v5_r20\V4\Epigenomics\reports\Epigenomics_24_adare_controller_trace.csv,Epigenomics_24,middle:high_div:moving,two_point,2071,0.07758887352013595
ablation_v1_v5_r20\V4\Epigenomics\reports\Epigenomics_24_adare_controller_trace.csv,Epigenomics_24,middle:high_div:moving,uniform_0_5,1746,0.05156524665939778
ablation_v1_v5_r20\V4\Epigenomics\reports\Epigenomics_24_adare_controller_trace.csv,Epigenomics_24,middle:high_div:moving,uniform_0_8,1952,0.07297176700189126
ablation_v1_v5_r20\V4\Epigenomics\reports\Epigenomics_24_adare_controller_trace.csv,Epigenomics_24,middle:high_div:stagnant,one_point,3105,0.07980280650124671
ablation_v1_v5_r20\V4\Epigenomics\reports\Epigenomics_24_adare_controller_trace.csv,Epigenomics_24,middle:high_div:stagnant,two_point,3099,0.0838621985991344
ablation_v1_v5_r20\V4\Epigenomics\reports\Epigenomics_24_adare_controller_trace.csv,Epigenomics_24,middle:high_div:stagnant,uniform_0_5,2681,0.054387189660115944
ablation_v1_v5_r20\V4\Epigenomics\reports\Epigenomics_24_adare_controller_trace.csv,Epigenomics_24,middle:high_div:stagnant,uniform_0_8,2788,0.06559835238524771
ablation_v1_v5_r20\V4\Montage\reports\Montage_25_adare_controller_trace.csv,Montage_25,early:high_div:moving,one_point,4976,0.06422857796396664
ablation_v1_v5_r20\V4\Montage\reports\Montage_25_adare_controller_trace.csv,Montage_25,early:high_div:moving,two_point,4684,0.05723911719742525
ablation_v1_v5_r20\V4\Montage\reports\Montage_25_adare_controller_trace.csv,Montage_25,early:high_div:moving,uniform_0_5,4057,0.03770390071220758
ablation_v1_v5_r20\V4\Montage\reports\Montage_25_adare_controller_trace.csv,Montage_25,early:high_div:moving,uniform_0_8,4380,0.05133422866394783
ablation_v1_v5_r20\V4\Montage\reports\Montage_25_adare_controller_trace.csv,Montage_25,early:high_div:stagnant,one_point,590,0.04834593295190007
ablation_v1_v5_r20\V4\Montage\reports\Montage_25_adare_controller_trace.csv,Montage_25,early:high_div:stagnant,two_point,560,0.03542358911631185
ablation_v1_v5_r20\V4\Montage\reports\Montage_25_adare_controller_trace.csv,Montage_25,early:high_div:stagnant,uniform_0_5,524,0.015343509810483035
ablation_v1_v5_r20\V4\Montage\reports\Montage_25_adare_controller_trace.csv,Montage_25,early:high_div:stagnant,uniform_0_8,548,0.03227280071971098
ablation_v1_v5_r20\V4\Montage\reports\Montage_25_adare_controller_trace.csv,Montage_25,late:high_div:moving,one_point,1379,0.0435622452072559
ablation_v1_v5_r20\V4\Montage\reports\Montage_25_adare_controller_trace.csv,Montage_25,late:high_div:moving,two_point,1328,0.03412800467656883
ablation_v1_v5_r20\V4\Montage\reports\Montage_25_adare_controller_trace.csv,Montage_25,late:high_div:moving,uniform_0_5,1197,0.012236496766281427
ablation_v1_v5_r20\V4\Montage\reports\Montage_25_adare_controller_trace.csv,Montage_25,late:high_div:moving,uniform_0_8,1275,0.029351946960920472
ablation_v1_v5_r20\V4\Montage\reports\Montage_25_adare_controller_trace.csv,Montage_25,late:high_div:stagnant,one_point,3966,0.04140236916086802
ablation_v1_v5_r20\V4\Montage\reports\Montage_25_adare_controller_trace.csv,Montage_25,late:high_div:stagnant,two_point,3601,0.034857836879540686
ablation_v1_v5_r20\V4\Montage\reports\Montage_25_adare_controller_trace.csv,Montage_25,late:high_div:stagnant,uniform_0_5,3155,0.013572318007155982
ablation_v1_v5_r20\V4\Montage\reports\Montage_25_adare_controller_trace.csv,Montage_25,late:high_div:stagnant,uniform_0_8,3591,0.030311502350078522
ablation_v1_v5_r20\V4\Montage\reports\Montage_25_adare_controller_trace.csv,Montage_25,middle:high_div:moving,one_point,3090,0.04012795192189062
ablation_v1_v5_r20\V4\Montage\reports\Montage_25_adare_controller_trace.csv,Montage_25,middle:high_div:moving,two_point,2991,0.03438660627233437
ablation_v1_v5_r20\V4\Montage\reports\Montage_25_adare_controller_trace.csv,Montage_25,middle:high_div:moving,uniform_0_5,2612,0.00862706754913585
ablation_v1_v5_r20\V4\Montage\reports\Montage_25_adare_controller_trace.csv,Montage_25,middle:high_div:moving,uniform_0_8,2938,0.02808724238786086
ablation_v1_v5_r20\V4\Montage\reports\Montage_25_adare_controller_trace.csv,Montage_25,middle:high_div:stagnant,one_point,2181,0.04251916257136364
ablation_v1_v5_r20\V4\Montage\reports\Montage_25_adare_controller_trace.csv,Montage_25,middle:high_div:stagnant,two_point,1963,0.03691893071029452
ablation_v1_v5_r20\V4\Montage\reports\Montage_25_adare_controller_trace.csv,Montage_25,middle:high_div:stagnant,uniform_0_5,1801,0.00976262883724105
ablation_v1_v5_r20\V4\Montage\reports\Montage_25_adare_controller_trace.csv,Montage_25,middle:high_div:stagnant,uniform_0_8,2013,0.03048067450541514
ablation_v1_v5_r20\V5\CyberShake\reports\CyberShake_30_adare_controller_trace.csv,CyberShake_30,early:high_div:moving,one_point,4176,0.07595785702175545
ablation_v1_v5_r20\V5\CyberShake\reports\CyberShake_30_adare_controller_trace.csv,CyberShake_30,early:high_div:moving,two_point,4195,0.07402934995933988
ablation_v1_v5_r20\V5\CyberShake\reports\CyberShake_30_adare_controller_trace.csv,CyberShake_30,early:high_div:moving,uniform_0_5,3760,0.06331238542561098
ablation_v1_v5_r20\V5\CyberShake\reports\CyberShake_30_adare_controller_trace.csv,CyberShake_30,early:high_div:moving,uniform_0_8,4192,0.0740480422424316
ablation_v1_v5_r20\V5\CyberShake\reports\CyberShake_30_adare_controller_trace.csv,CyberShake_30,early:high_div:stagnant,one_point,1043,0.06143522930174631
ablation_v1_v5_r20\V5\CyberShake\reports\CyberShake_30_adare_controller_trace.csv,CyberShake_30,early:high_div:stagnant,two_point,1022,0.0635922834937516
ablation_v1_v5_r20\V5\CyberShake\reports\CyberShake_30_adare_controller_trace.csv,CyberShake_30,early:high_div:stagnant,uniform_0_5,940,0.04277126706893835
ablation_v1_v5_r20\V5\CyberShake\reports\CyberShake_30_adare_controller_trace.csv,CyberShake_30,early:high_div:stagnant,uniform_0_8,1096,0.058935453969328595
ablation_v1_v5_r20\V5\CyberShake\reports\CyberShake_30_adare_controller_trace.csv,CyberShake_30,late:high_div:moving,one_point,1332,0.0513551039224769
ablation_v1_v5_r20\V5\CyberShake\reports\CyberShake_30_adare_controller_trace.csv,CyberShake_30,late:high_div:moving,two_point,1387,0.05090240592769022
ablation_v1_v5_r20\V5\CyberShake\reports\CyberShake_30_adare_controller_trace.csv,CyberShake_30,late:high_div:moving,uniform_0_5,1207,0.03728520535846595
ablation_v1_v5_r20\V5\CyberShake\reports\CyberShake_30_adare_controller_trace.csv,CyberShake_30,late:high_div:moving,uniform_0_8,1386,0.05254915684319817
ablation_v1_v5_r20\V5\CyberShake\reports\CyberShake_30_adare_controller_trace.csv,CyberShake_30,late:high_div:stagnant,one_point,3599,0.05488163302367703
ablation_v1_v5_r20\V5\CyberShake\reports\CyberShake_30_adare_controller_trace.csv,CyberShake_30,late:high_div:stagnant,two_point,3714,0.052066204295494044
ablation_v1_v5_r20\V5\CyberShake\reports\CyberShake_30_adare_controller_trace.csv,CyberShake_30,late:high_div:stagnant,uniform_0_5,3236,0.03897774536695744
ablation_v1_v5_r20\V5\CyberShake\reports\CyberShake_30_adare_controller_trace.csv,CyberShake_30,late:high_div:stagnant,uniform_0_8,3693,0.053454581533895734
ablation_v1_v5_r20\V5\CyberShake\reports\CyberShake_30_adare_controller_trace.csv,CyberShake_30,middle:high_div:moving,one_point,2093,0.05625287440287598
ablation_v1_v5_r20\V5\CyberShake\reports\CyberShake_30_adare_controller_trace.csv,CyberShake_30,middle:high_div:moving,two_point,2216,0.05629074370886688
ablation_v1_v5_r20\V5\CyberShake\reports\CyberShake_30_adare_controller_trace.csv,CyberShake_30,middle:high_div:moving,uniform_0_5,1843,0.03824769272502011
ablation_v1_v5_r20\V5\CyberShake\reports\CyberShake_30_adare_controller_trace.csv,CyberShake_30,middle:high_div:moving,uniform_0_8,2119,0.0592683455025782
ablation_v1_v5_r20\V5\CyberShake\reports\CyberShake_30_adare_controller_trace.csv,CyberShake_30,middle:high_div:stagnant,one_point,2781,0.05704272666577858
ablation_v1_v5_r20\V5\CyberShake\reports\CyberShake_30_adare_controller_trace.csv,CyberShake_30,middle:high_div:stagnant,two_point,2940,0.055224132320967075
ablation_v1_v5_r20\V5\CyberShake\reports\CyberShake_30_adare_controller_trace.csv,CyberShake_30,middle:high_div:stagnant,uniform_0_5,2532,0.03707780811952491
ablation_v1_v5_r20\V5\CyberShake\reports\CyberShake_30_adare_controller_trace.csv,CyberShake_30,middle:high_div:stagnant,uniform_0_8,2959,0.057469937584925454
ablation_v1_v5_r20\V5\Epigenomics\reports\Epigenomics_24_adare_controller_trace.csv,Epigenomics_24,early:high_div:moving,one_point,4568,0.0931177955372164
ablation_v1_v5_r20\V5\Epigenomics\reports\Epigenomics_24_adare_controller_trace.csv,Epigenomics_24,early:high_div:moving,two_point,4434,0.09550066343646262
ablation_v1_v5_r20\V5\Epigenomics\reports\Epigenomics_24_adare_controller_trace.csv,Epigenomics_24,early:high_div:moving,uniform_0_5,3503,0.06312463952875079
ablation_v1_v5_r20\V5\Epigenomics\reports\Epigenomics_24_adare_controller_trace.csv,Epigenomics_24,early:high_div:moving,uniform_0_8,4005,0.08042140223396758
ablation_v1_v5_r20\V5\Epigenomics\reports\Epigenomics_24_adare_controller_trace.csv,Epigenomics_24,early:high_div:stagnant,one_point,959,0.08307780905181807
ablation_v1_v5_r20\V5\Epigenomics\reports\Epigenomics_24_adare_controller_trace.csv,Epigenomics_24,early:high_div:stagnant,two_point,1036,0.08473209080311178
ablation_v1_v5_r20\V5\Epigenomics\reports\Epigenomics_24_adare_controller_trace.csv,Epigenomics_24,early:high_div:stagnant,uniform_0_5,874,0.05477493188833764
ablation_v1_v5_r20\V5\Epigenomics\reports\Epigenomics_24_adare_controller_trace.csv,Epigenomics_24,early:high_div:stagnant,uniform_0_8,1008,0.07469479347336362
ablation_v1_v5_r20\V5\Epigenomics\reports\Epigenomics_24_adare_controller_trace.csv,Epigenomics_24,late:high_div:moving,one_point,1472,0.07714556250552503
ablation_v1_v5_r20\V5\Epigenomics\reports\Epigenomics_24_adare_controller_trace.csv,Epigenomics_24,late:high_div:moving,two_point,1445,0.07499330343855143
ablation_v1_v5_r20\V5\Epigenomics\reports\Epigenomics_24_adare_controller_trace.csv,Epigenomics_24,late:high_div:moving,uniform_0_5,1327,0.05546743544719727
ablation_v1_v5_r20\V5\Epigenomics\reports\Epigenomics_24_adare_controller_trace.csv,Epigenomics_24,late:high_div:moving,uniform_0_8,1372,0.06731700144840884
ablation_v1_v5_r20\V5\Epigenomics\reports\Epigenomics_24_adare_controller_trace.csv,Epigenomics_24,late:high_div:stagnant,one_point,3669,0.07966806499380961
ablation_v1_v5_r20\V5\Epigenomics\reports\Epigenomics_24_adare_controller_trace.csv,Epigenomics_24,late:high_div:stagnant,two_point,3838,0.07784981905213473
ablation_v1_v5_r20\V5\Epigenomics\reports\Epigenomics_24_adare_controller_trace.csv,Epigenomics_24,late:high_div:stagnant,uniform_0_5,2870,0.049738332726586676
ablation_v1_v5_r20\V5\Epigenomics\reports\Epigenomics_24_adare_controller_trace.csv,Epigenomics_24,late:high_div:stagnant,uniform_0_8,3536,0.06716143526063646
ablation_v1_v5_r20\V5\Epigenomics\reports\Epigenomics_24_adare_controller_trace.csv,Epigenomics_24,middle:high_div:moving,one_point,2056,0.07935321443968281
ablation_v1_v5_r20\V5\Epigenomics\reports\Epigenomics_24_adare_controller_trace.csv,Epigenomics_24,middle:high_div:moving,two_point,2071,0.0835799411314855
ablation_v1_v5_r20\V5\Epigenomics\reports\Epigenomics_24_adare_controller_trace.csv,Epigenomics_24,middle:high_div:moving,uniform_0_5,1759,0.051398215578992205
ablation_v1_v5_r20\V5\Epigenomics\reports\Epigenomics_24_adare_controller_trace.csv,Epigenomics_24,middle:high_div:moving,uniform_0_8,1939,0.07060844435959052
ablation_v1_v5_r20\V5\Epigenomics\reports\Epigenomics_24_adare_controller_trace.csv,Epigenomics_24,middle:high_div:stagnant,one_point,3091,0.079713244944149
ablation_v1_v5_r20\V5\Epigenomics\reports\Epigenomics_24_adare_controller_trace.csv,Epigenomics_24,middle:high_div:stagnant,two_point,3204,0.08353756547516702
ablation_v1_v5_r20\V5\Epigenomics\reports\Epigenomics_24_adare_controller_trace.csv,Epigenomics_24,middle:high_div:stagnant,uniform_0_5,2527,0.05192417075709661
ablation_v1_v5_r20\V5\Epigenomics\reports\Epigenomics_24_adare_controller_trace.csv,Epigenomics_24,middle:high_div:stagnant,uniform_0_8,2911,0.07011369316673031
ablation_v1_v5_r20\V5\Montage\reports\Montage_25_adare_controller_trace.csv,Montage_25,early:high_div:moving,one_point,4874,0.06390517757500865
ablation_v1_v5_r20\V5\Montage\reports\Montage_25_adare_controller_trace.csv,Montage_25,early:high_div:moving,two_point,4637,0.05654633395544056
ablation_v1_v5_r20\V5\Montage\reports\Montage_25_adare_controller_trace.csv,Montage_25,early:high_div:moving,uniform_0_5,4001,0.04057119160632503
ablation_v1_v5_r20\V5\Montage\reports\Montage_25_adare_controller_trace.csv,Montage_25,early:high_div:moving,uniform_0_8,4553,0.05383808791774423
ablation_v1_v5_r20\V5\Montage\reports\Montage_25_adare_controller_trace.csv,Montage_25,early:high_div:stagnant,one_point,608,0.047964922755003025
ablation_v1_v5_r20\V5\Montage\reports\Montage_25_adare_controller_trace.csv,Montage_25,early:high_div:stagnant,two_point,575,0.04217388224367052
ablation_v1_v5_r20\V5\Montage\reports\Montage_25_adare_controller_trace.csv,Montage_25,early:high_div:stagnant,uniform_0_5,524,0.006636699912750394
ablation_v1_v5_r20\V5\Montage\reports\Montage_25_adare_controller_trace.csv,Montage_25,early:high_div:stagnant,uniform_0_8,566,0.032145442484926894
ablation_v1_v5_r20\V5\Montage\reports\Montage_25_adare_controller_trace.csv,Montage_25,late:high_div:moving,one_point,1398,0.0411818436724503
ablation_v1_v5_r20\V5\Montage\reports\Montage_25_adare_controller_trace.csv,Montage_25,late:high_div:moving,two_point,1318,0.03509737621921761
ablation_v1_v5_r20\V5\Montage\reports\Montage_25_adare_controller_trace.csv,Montage_25,late:high_div:moving,uniform_0_5,1136,0.01425238160798013
ablation_v1_v5_r20\V5\Montage\reports\Montage_25_adare_controller_trace.csv,Montage_25,late:high_div:moving,uniform_0_8,1374,0.03226490842294838
ablation_v1_v5_r20\V5\Montage\reports\Montage_25_adare_controller_trace.csv,Montage_25,late:high_div:stagnant,one_point,3753,0.04210739675535646
ablation_v1_v5_r20\V5\Montage\reports\Montage_25_adare_controller_trace.csv,Montage_25,late:high_div:stagnant,two_point,3636,0.03526842794140344
ablation_v1_v5_r20\V5\Montage\reports\Montage_25_adare_controller_trace.csv,Montage_25,late:high_div:stagnant,uniform_0_5,3195,0.013575450181424203
ablation_v1_v5_r20\V5\Montage\reports\Montage_25_adare_controller_trace.csv,Montage_25,late:high_div:stagnant,uniform_0_8,3710,0.031160149255110823
ablation_v1_v5_r20\V5\Montage\reports\Montage_25_adare_controller_trace.csv,Montage_25,middle:high_div:moving,one_point,2843,0.04365429664794405
ablation_v1_v5_r20\V5\Montage\reports\Montage_25_adare_controller_trace.csv,Montage_25,middle:high_div:moving,two_point,2753,0.03599833709856258
ablation_v1_v5_r20\V5\Montage\reports\Montage_25_adare_controller_trace.csv,Montage_25,middle:high_div:moving,uniform_0_5,2381,0.014422464456577952
ablation_v1_v5_r20\V5\Montage\reports\Montage_25_adare_controller_trace.csv,Montage_25,middle:high_div:moving,uniform_0_8,2734,0.032543563457655356
ablation_v1_v5_r20\V5\Montage\reports\Montage_25_adare_controller_trace.csv,Montage_25,middle:high_div:stagnant,one_point,2329,0.04097225246069546
ablation_v1_v5_r20\V5\Montage\reports\Montage_25_adare_controller_trace.csv,Montage_25,middle:high_div:stagnant,two_point,2285,0.036989983984342556
ablation_v1_v5_r20\V5\Montage\reports\Montage_25_adare_controller_trace.csv,Montage_25,middle:high_div:stagnant,uniform_0_5,1965,0.012005821730773926
ablation_v1_v5_r20\V5\Montage\reports\Montage_25_adare_controller_trace.csv,Montage_25,middle:high_div:stagnant,uniform_0_8,2220,0.031454313860996466
adare_controller_traces_1000_r20_g100\CyberShake\reports\CyberShake_1000_adare_only_controller_trace.csv,CyberShake_1000,early:high_div:moving,one_point,4474,0.060906734966531255
adare_controller_traces_1000_r20_g100\CyberShake\reports\CyberShake_1000_adare_only_controller_trace.csv,CyberShake_1000,early:high_div:moving,two_point,4354,0.06150514538567599
adare_controller_traces_1000_r20_g100\CyberShake\reports\CyberShake_1000_adare_only_controller_trace.csv,CyberShake_1000,early:high_div:moving,uniform_0_5,3920,0.0463903203782332
adare_controller_traces_1000_r20_g100\CyberShake\reports\CyberShake_1000_adare_only_controller_trace.csv,CyberShake_1000,early:high_div:moving,uniform_0_8,4234,0.060335932500824266
adare_controller_traces_1000_r20_g100\CyberShake\reports\CyberShake_1000_adare_only_controller_trace.csv,CyberShake_1000,early:high_div:stagnant,one_point,1607,0.0492860973185527
adare_controller_traces_1000_r20_g100\CyberShake\reports\CyberShake_1000_adare_only_controller_trace.csv,CyberShake_1000,early:high_div:stagnant,two_point,1582,0.050437607915551554
adare_controller_traces_1000_r20_g100\CyberShake\reports\CyberShake_1000_adare_only_controller_trace.csv,CyberShake_1000,early:high_div:stagnant,uniform_0_5,1409,0.03082067257860703
adare_controller_traces_1000_r20_g100\CyberShake\reports\CyberShake_1000_adare_only_controller_trace.csv,CyberShake_1000,early:high_div:stagnant,uniform_0_8,1496,0.0503488602330256
adare_controller_traces_1000_r20_g100\CyberShake\reports\CyberShake_1000_adare_only_controller_trace.csv,CyberShake_1000,late:high_div:moving,one_point,1561,0.028936644292290488
adare_controller_traces_1000_r20_g100\CyberShake\reports\CyberShake_1000_adare_only_controller_trace.csv,CyberShake_1000,late:high_div:moving,two_point,1526,0.023877122667056702
adare_controller_traces_1000_r20_g100\CyberShake\reports\CyberShake_1000_adare_only_controller_trace.csv,CyberShake_1000,late:high_div:moving,uniform_0_5,1310,0.0017733416275688987
adare_controller_traces_1000_r20_g100\CyberShake\reports\CyberShake_1000_adare_only_controller_trace.csv,CyberShake_1000,late:high_div:moving,uniform_0_8,1471,0.02395685041645737
adare_controller_traces_1000_r20_g100\CyberShake\reports\CyberShake_1000_adare_only_controller_trace.csv,CyberShake_1000,late:high_div:stagnant,one_point,4310,0.03401316131672426
adare_controller_traces_1000_r20_g100\CyberShake\reports\CyberShake_1000_adare_only_controller_trace.csv,CyberShake_1000,late:high_div:stagnant,two_point,4264,0.03059892987669999
adare_controller_traces_1000_r20_g100\CyberShake\reports\CyberShake_1000_adare_only_controller_trace.csv,CyberShake_1000,late:high_div:stagnant,uniform_0_5,3640,0.00413115001518214
adare_controller_traces_1000_r20_g100\CyberShake\reports\CyberShake_1000_adare_only_controller_trace.csv,CyberShake_1000,late:high_div:stagnant,uniform_0_8,4272,0.024356352312871327
adare_controller_traces_1000_r20_g100\CyberShake\reports\CyberShake_1000_adare_only_controller_trace.csv,CyberShake_1000,middle:high_div:moving,one_point,2479,0.03925014715469986
adare_controller_traces_1000_r20_g100\CyberShake\reports\CyberShake_1000_adare_only_controller_trace.csv,CyberShake_1000,middle:high_div:moving,two_point,2404,0.0365495696379021
adare_controller_traces_1000_r20_g100\CyberShake\reports\CyberShake_1000_adare_only_controller_trace.csv,CyberShake_1000,middle:high_div:moving,uniform_0_5,2060,0.01725991489414104
adare_controller_traces_1000_r20_g100\CyberShake\reports\CyberShake_1000_adare_only_controller_trace.csv,CyberShake_1000,middle:high_div:moving,uniform_0_8,2398,0.035932908377222635
adare_controller_traces_1000_r20_g100\CyberShake\reports\CyberShake_1000_adare_only_controller_trace.csv,CyberShake_1000,middle:high_div:stagnant,one_point,3466,0.040177695988266045
adare_controller_traces_1000_r20_g100\CyberShake\reports\CyberShake_1000_adare_only_controller_trace.csv,CyberShake_1000,middle:high_div:stagnant,two_point,3496,0.035916680025993096
adare_controller_traces_1000_r20_g100\CyberShake\reports\CyberShake_1000_adare_only_controller_trace.csv,CyberShake_1000,middle:high_div:stagnant,uniform_0_5,2841,0.011299524710744175
adare_controller_traces_1000_r20_g100\CyberShake\reports\CyberShake_1000_adare_only_controller_trace.csv,CyberShake_1000,middle:high_div:stagnant,uniform_0_8,3323,0.033556980232122426
adare_controller_traces_1000_r20_g100\Montage\reports\Montage_1000_adare_only_controller_trace.csv,Montage_1000,early:high_div:moving,one_point,4848,0.07191489455335023
adare_controller_traces_1000_r20_g100\Montage\reports\Montage_1000_adare_only_controller_trace.csv,Montage_1000,early:high_div:moving,two_point,4520,0.06857796550142245
adare_controller_traces_1000_r20_g100\Montage\reports\Montage_1000_adare_only_controller_trace.csv,Montage_1000,early:high_div:moving,uniform_0_5,3918,0.04806919245060262
adare_controller_traces_1000_r20_g100\Montage\reports\Montage_1000_adare_only_controller_trace.csv,Montage_1000,early:high_div:moving,uniform_0_8,4374,0.06316385720788066
adare_controller_traces_1000_r20_g100\Montage\reports\Montage_1000_adare_only_controller_trace.csv,Montage_1000,early:high_div:stagnant,one_point,1391,0.06017498014788448
adare_controller_traces_1000_r20_g100\Montage\reports\Montage_1000_adare_only_controller_trace.csv,Montage_1000,early:high_div:stagnant,two_point,1395,0.0576368883170046
adare_controller_traces_1000_r20_g100\Montage\reports\Montage_1000_adare_only_controller_trace.csv,Montage_1000,early:high_div:stagnant,uniform_0_5,1251,0.035245722470161354
adare_controller_traces_1000_r20_g100\Montage\reports\Montage_1000_adare_only_controller_trace.csv,Montage_1000,early:high_div:stagnant,uniform_0_8,1382,0.05168271769144256
adare_controller_traces_1000_r20_g100\Montage\reports\Montage_1000_adare_only_controller_trace.csv,Montage_1000,late:high_div:moving,one_point,3205,0.04756462673380207
adare_controller_traces_1000_r20_g100\Montage\reports\Montage_1000_adare_only_controller_trace.csv,Montage_1000,late:high_div:moving,two_point,3226,0.04745989223541742
adare_controller_traces_1000_r20_g100\Montage\reports\Montage_1000_adare_only_controller_trace.csv,Montage_1000,late:high_div:moving,uniform_0_5,2677,0.012837900808218913
adare_controller_traces_1000_r20_g100\Montage\reports\Montage_1000_adare_only_controller_trace.csv,Montage_1000,late:high_div:moving,uniform_0_8,2929,0.033902324301442674
adare_controller_traces_1000_r20_g100\Montage\reports\Montage_1000_adare_only_controller_trace.csv,Montage_1000,late:high_div:stagnant,one_point,2771,0.04726477600025796
adare_controller_traces_1000_r20_g100\Montage\reports\Montage_1000_adare_only_controller_trace.csv,Montage_1000,late:high_div:stagnant,two_point,2824,0.046623256351958374
adare_controller_traces_1000_r20_g100\Montage\reports\Montage_1000_adare_only_controller_trace.csv,Montage_1000,late:high_div:stagnant,uniform_0_5,2359,0.014304886139167262
adare_controller_traces_1000_r20_g100\Montage\reports\Montage_1000_adare_only_controller_trace.csv,Montage_1000,late:high_div:stagnant,uniform_0_8,2583,0.03477671941954121
adare_controller_traces_1000_r20_g100\Montage\reports\Montage_1000_adare_only_controller_trace.csv,Montage_1000,middle:high_div:moving,one_point,3868,0.0506369970667448
adare_controller_traces_1000_r20_g100\Montage\reports\Montage_1000_adare_only_controller_trace.csv,Montage_1000,middle:high_div:moving,two_point,3894,0.05161529186417743
adare_controller_traces_1000_r20_g100\Montage\reports\Montage_1000_adare_only_controller_trace.csv,Montage_1000,middle:high_div:moving,uniform_0_5,3148,0.019547972237850125
adare_controller_traces_1000_r20_g100\Montage\reports\Montage_1000_adare_only_controller_trace.csv,Montage_1000,middle:high_div:moving,uniform_0_8,3600,0.03974694632704309
adare_controller_traces_1000_r20_g100\Montage\reports\Montage_1000_adare_only_controller_trace.csv,Montage_1000,middle:high_div:stagnant,one_point,2126,0.05215549446127879
adare_controller_traces_1000_r20_g100\Montage\reports\Montage_1000_adare_only_controller_trace.csv,Montage_1000,middle:high_div:stagnant,two_point,2036,0.05062471272356102
adare_controller_traces_1000_r20_g100\Montage\reports\Montage_1000_adare_only_controller_trace.csv,Montage_1000,middle:high_div:stagnant,uniform_0_5,1785,0.021458504049937835
adare_controller_traces_1000_r20_g100\Montage\reports\Montage_1000_adare_only_controller_trace.csv,Montage_1000,middle:high_div:stagnant,uniform_0_8,1969,0.03972306537260194
quick_ablation\V2\CyberShake\reports\CyberShake_30_adare_controller_trace.csv,CyberShake_30,early:high_div:moving,one_point,278,0.06017602101355745
quick_ablation\V2\CyberShake\reports\CyberShake_30_adare_controller_trace.csv,CyberShake_30,early:high_div:moving,two_point,217,0.07065984645441378
quick_ablation\V2\CyberShake\reports\CyberShake_30_adare_controller_trace.csv,CyberShake_30,early:high_div:moving,uniform_0_5,218,0.050595202483866744
quick_ablation\V2\CyberShake\reports\CyberShake_30_adare_controller_trace.csv,CyberShake_30,early:high_div:moving,uniform_0_8,249,0.07444533222512546
quick_ablation\V2\CyberShake\reports\CyberShake_30_adare_controller_trace.csv,CyberShake_30,early:high_div:stagnant,one_point,11,0.051962334548659624
quick_ablation\V2\CyberShake\reports\CyberShake_30_adare_controller_trace.csv,CyberShake_30,early:high_div:stagnant,two_point,11,0.04023546834780298
quick_ablation\V2\CyberShake\reports\CyberShake_30_adare_controller_trace.csv,CyberShake_30,early:high_div:stagnant,uniform_0_5,11,0.08214595409635081
quick_ablation\V2\CyberShake\reports\CyberShake_30_adare_controller_trace.csv,CyberShake_30,early:high_div:stagnant,uniform_0_8,10,0.06342565280543273
quick_ablation\V2\CyberShake\reports\CyberShake_30_adare_controller_trace.csv,CyberShake_30,late:high_div:moving,one_point,113,0.050432937774384665
quick_ablation\V2\CyberShake\reports\CyberShake_30_adare_controller_trace.csv,CyberShake_30,late:high_div:moving,two_point,127,0.05986538612445498
quick_ablation\V2\CyberShake\reports\CyberShake_30_adare_controller_trace.csv,CyberShake_30,late:high_div:moving,uniform_0_5,104,0.03280289044343536
quick_ablation\V2\CyberShake\reports\CyberShake_30_adare_controller_trace.csv,CyberShake_30,late:high_div:moving,uniform_0_8,126,0.06031423927036074
quick_ablation\V2\CyberShake\reports\CyberShake_30_adare_controller_trace.csv,CyberShake_30,late:high_div:stagnant,one_point,121,0.06939100598947183
quick_ablation\V2\CyberShake\reports\CyberShake_30_adare_controller_trace.csv,CyberShake_30,late:high_div:stagnant,two_point,147,0.05842339025412708
quick_ablation\V2\CyberShake\reports\CyberShake_30_adare_controller_trace.csv,CyberShake_30,late:high_div:stagnant,uniform_0_5,122,0.04246803555110672
quick_ablation\V2\CyberShake\reports\CyberShake_30_adare_controller_trace.csv,CyberShake_30,late:high_div:stagnant,uniform_0_8,124,0.05157647510948668
quick_ablation\V2\CyberShake\reports\CyberShake_30_adare_controller_trace.csv,CyberShake_30,middle:high_div:moving,one_point,88,0.053895329888089136
quick_ablation\V2\CyberShake\reports\CyberShake_30_adare_controller_trace.csv,CyberShake_30,middle:high_div:moving,two_point,99,0.056775515218949475
quick_ablation\V2\CyberShake\reports\CyberShake_30_adare_controller_trace.csv,CyberShake_30,middle:high_div:moving,uniform_0_5,91,0.04305593244255178
quick_ablation\V2\CyberShake\reports\CyberShake_30_adare_controller_trace.csv,CyberShake_30,middle:high_div:moving,uniform_0_8,108,0.061643329953455755
quick_ablation\V2\CyberShake\reports\CyberShake_30_adare_controller_trace.csv,CyberShake_30,middle:high_div:stagnant,one_point,135,0.05188170592750838
quick_ablation\V2\CyberShake\reports\CyberShake_30_adare_controller_trace.csv,CyberShake_30,middle:high_div:stagnant,two_point,179,0.06965773301733569
quick_ablation\V2\CyberShake\reports\CyberShake_30_adare_controller_trace.csv,CyberShake_30,middle:high_div:stagnant,uniform_0_5,157,0.03072066517667268
quick_ablation\V2\CyberShake\reports\CyberShake_30_adare_controller_trace.csv,CyberShake_30,middle:high_div:stagnant,uniform_0_8,143,0.05108046282478783
quick_ablation\V2\Epigenomics\reports\Epigenomics_24_adare_controller_trace.csv,Epigenomics_24,early:high_div:moving,one_point,237,0.0872143747709272
quick_ablation\V2\Epigenomics\reports\Epigenomics_24_adare_controller_trace.csv,Epigenomics_24,early:high_div:moving,two_point,214,0.08482077913608649
quick_ablation\V2\Epigenomics\reports\Epigenomics_24_adare_controller_trace.csv,Epigenomics_24,early:high_div:moving,uniform_0_5,162,0.05703155172189931
quick_ablation\V2\Epigenomics\reports\Epigenomics_24_adare_controller_trace.csv,Epigenomics_24,early:high_div:moving,uniform_0_8,194,0.07982964918686698
quick_ablation\V2\Epigenomics\reports\Epigenomics_24_adare_controller_trace.csv,Epigenomics_24,early:high_div:stagnant,one_point,53,0.07899510316419887
quick_ablation\V2\Epigenomics\reports\Epigenomics_24_adare_controller_trace.csv,Epigenomics_24,early:high_div:stagnant,two_point,62,0.0818920376378965
quick_ablation\V2\Epigenomics\reports\Epigenomics_24_adare_controller_trace.csv,Epigenomics_24,early:high_div:stagnant,uniform_0_5,53,0.06375009668354019
quick_ablation\V2\Epigenomics\reports\Epigenomics_24_adare_controller_trace.csv,Epigenomics_24,early:high_div:stagnant,uniform_0_8,49,0.08030467198522488
quick_ablation\V2\Epigenomics\reports\Epigenomics_24_adare_controller_trace.csv,Epigenomics_24,late:high_div:moving,one_point,56,0.07328612876605453
quick_ablation\V2\Epigenomics\reports\Epigenomics_24_adare_controller_trace.csv,Epigenomics_24,late:high_div:moving,two_point,59,0.07102272519539621
quick_ablation\V2\Epigenomics\reports\Epigenomics_24_adare_controller_trace.csv,Epigenomics_24,late:high_div:moving,uniform_0_5,51,0.05791990202252364
quick_ablation\V2\Epigenomics\reports\Epigenomics_24_adare_controller_trace.csv,Epigenomics_24,late:high_div:moving,uniform_0_8,46,0.040455774786202256
quick_ablation\V2\Epigenomics\reports\Epigenomics_24_adare_controller_trace.csv,Epigenomics_24,late:high_div:stagnant,one_point,164,0.06330425510231696
quick_ablation\V2\Epigenomics\reports\Epigenomics_24_adare_controller_trace.csv,Epigenomics_24,late:high_div:stagnant,two_point,232,0.07923442332259285
quick_ablation\V2\Epigenomics\reports\Epigenomics_24_adare_controller_trace.csv,Epigenomics_24,late:high_div:stagnant,uniform_0_5,172,0.03733037547471852
quick_ablation\V2\Epigenomics\reports\Epigenomics_24_adare_controller_trace.csv,Epigenomics_24,late:high_div:stagnant,uniform_0_8,198,0.0560365638967144
quick_ablation\V2\Epigenomics\reports\Epigenomics_24_adare_controller_trace.csv,Epigenomics_24,middle:high_div:moving,one_point,170,0.07706643430432582
quick_ablation\V2\Epigenomics\reports\Epigenomics_24_adare_controller_trace.csv,Epigenomics_24,middle:high_div:moving,two_point,146,0.07064238871926226
quick_ablation\V2\Epigenomics\reports\Epigenomics_24_adare_controller_trace.csv,Epigenomics_24,middle:high_div:moving,uniform_0_5,127,0.049438468544302235
quick_ablation\V2\Epigenomics\reports\Epigenomics_24_adare_controller_trace.csv,Epigenomics_24,middle:high_div:moving,uniform_0_8,151,0.05832412281886812
quick_ablation\V2\Epigenomics\reports\Epigenomics_24_adare_controller_trace.csv,Epigenomics_24,middle:high_div:stagnant,one_point,100,0.07725954802921789
quick_ablation\V2\Epigenomics\reports\Epigenomics_24_adare_controller_trace.csv,Epigenomics_24,middle:high_div:stagnant,two_point,100,0.0740770523537866
quick_ablation\V2\Epigenomics\reports\Epigenomics_24_adare_controller_trace.csv,Epigenomics_24,middle:high_div:stagnant,uniform_0_5,85,0.04566863280782505
quick_ablation\V2\Epigenomics\reports\Epigenomics_24_adare_controller_trace.csv,Epigenomics_24,middle:high_div:stagnant,uniform_0_8,114,0.055740351560135945
quick_ablation\V2\Montage\reports\Montage_25_adare_controller_trace.csv,Montage_25,early:high_div:moving,one_point,276,0.06322470622098093
quick_ablation\V2\Montage\reports\Montage_25_adare_controller_trace.csv,Montage_25,early:high_div:moving,two_point,243,0.059669353793939374
quick_ablation\V2\Montage\reports\Montage_25_adare_controller_trace.csv,Montage_25,early:high_div:moving,uniform_0_5,239,0.04598049783213687
quick_ablation\V2\Montage\reports\Montage_25_adare_controller_trace.csv,Montage_25,early:high_div:moving,uniform_0_8,214,0.048744518805875534
quick_ablation\V2\Montage\reports\Montage_25_adare_controller_trace.csv,Montage_25,early:high_div:stagnant,one_point,11,0.06812346576739406
quick_ablation\V2\Montage\reports\Montage_25_adare_controller_trace.csv,Montage_25,early:high_div:stagnant,two_point,11,0.0357289029549489
quick_ablation\V2\Montage\reports\Montage_25_adare_controller_trace.csv,Montage_25,early:high_div:stagnant,uniform_0_5,11,-0.011210204320524563
quick_ablation\V2\Montage\reports\Montage_25_adare_controller_trace.csv,Montage_25,early:high_div:stagnant,uniform_0_8,11,0.012927805524835124
quick_ablation\V2\Montage\reports\Montage_25_adare_controller_trace.csv,Montage_25,late:high_div:moving,one_point,110,0.037606736430476115
quick_ablation\V2\Montage\reports\Montage_25_adare_controller_trace.csv,Montage_25,late:high_div:moving,two_point,88,0.03254690129333851
quick_ablation\V2\Montage\reports\Montage_25_adare_controller_trace.csv,Montage_25,late:high_div:moving,uniform_0_5,71,0.01001391835639012
quick_ablation\V2\Montage\reports\Montage_25_adare_controller_trace.csv,Montage_25,late:high_div:moving,uniform_0_8,70,0.025237642761003258
quick_ablation\V2\Montage\reports\Montage_25_adare_controller_trace.csv,Montage_25,late:high_div:stagnant,one_point,176,0.045815078883229915
quick_ablation\V2\Montage\reports\Montage_25_adare_controller_trace.csv,Montage_25,late:high_div:stagnant,two_point,162,0.03402441129040121
quick_ablation\V2\Montage\reports\Montage_25_adare_controller_trace.csv,Montage_25,late:high_div:stagnant,uniform_0_5,124,0.011250539153233973
quick_ablation\V2\Montage\reports\Montage_25_adare_controller_trace.csv,Montage_25,late:high_div:stagnant,uniform_0_8,167,0.026888186655714914
quick_ablation\V2\Montage\reports\Montage_25_adare_controller_trace.csv,Montage_25,middle:high_div:moving,one_point,142,0.0464847884014989
quick_ablation\V2\Montage\reports\Montage_25_adare_controller_trace.csv,Montage_25,middle:high_div:moving,two_point,141,0.043460620472708766
quick_ablation\V2\Montage\reports\Montage_25_adare_controller_trace.csv,Montage_25,middle:high_div:moving,uniform_0_5,133,0.01990468002976059
quick_ablation\V2\Montage\reports\Montage_25_adare_controller_trace.csv,Montage_25,middle:high_div:moving,uniform_0_8,122,0.03110483444811613
quick_ablation\V2\Montage\reports\Montage_25_adare_controller_trace.csv,Montage_25,middle:high_div:stagnant,one_point,133,0.05307477165807958
quick_ablation\V2\Montage\reports\Montage_25_adare_controller_trace.csv,Montage_25,middle:high_div:stagnant,two_point,109,0.04067792424586351
quick_ablation\V2\Montage\reports\Montage_25_adare_controller_trace.csv,Montage_25,middle:high_div:stagnant,uniform_0_5,94,0.020608811061969816
quick_ablation\V2\Montage\reports\Montage_25_adare_controller_trace.csv,Montage_25,middle:high_div:stagnant,uniform_0_8,90,0.03275364905517875
quick_ablation\V3\CyberShake\reports\CyberShake_30_adare_controller_trace.csv,CyberShake_30,early:high_div:moving,one_point,255,0.07536985477375326
quick_ablation\V3\CyberShake\reports\CyberShake_30_adare_controller_trace.csv,CyberShake_30,early:high_div:moving,two_point,220,0.06580296685708348
quick_ablation\V3\CyberShake\reports\CyberShake_30_adare_controller_trace.csv,CyberShake_30,early:high_div:moving,uniform_0_5,223,0.06625226444765275
quick_ablation\V3\CyberShake\reports\CyberShake_30_adare_controller_trace.csv,CyberShake_30,early:high_div:moving,uniform_0_8,277,0.0779829474029719
quick_ablation\V3\CyberShake\reports\CyberShake_30_adare_controller_trace.csv,CyberShake_30,early:high_div:stagnant,one_point,11,0.0578401657024799
quick_ablation\V3\CyberShake\reports\CyberShake_30_adare_controller_trace.csv,CyberShake_30,early:high_div:stagnant,two_point,12,0.0895397146325871
quick_ablation\V3\CyberShake\reports\CyberShake_30_adare_controller_trace.csv,CyberShake_30,early:high_div:stagnant,uniform_0_5,11,0.04432784987959738
quick_ablation\V3\CyberShake\reports\CyberShake_30_adare_controller_trace.csv,CyberShake_30,early:high_div:stagnant,uniform_0_8,10,0.040220941356897986
quick_ablation\V3\CyberShake\reports\CyberShake_30_adare_controller_trace.csv,CyberShake_30,late:high_div:moving,one_point,84,0.04632783102097116
quick_ablation\V3\CyberShake\reports\CyberShake_30_adare_controller_trace.csv,CyberShake_30,late:high_div:moving,two_point,79,0.05649319408635039
quick_ablation\V3\CyberShake\reports\CyberShake_30_adare_controller_trace.csv,CyberShake_30,late:high_div:moving,uniform_0_5,61,0.028345862308716333
quick_ablation\V3\CyberShake\reports\CyberShake_30_adare_controller_trace.csv,CyberShake_30,late:high_div:moving,uniform_0_8,79,0.05120405252472104
quick_ablation\V3\CyberShake\reports\CyberShake_30_adare_controller_trace.csv,CyberShake_30,late:high_div:stagnant,one_point,194,0.054600865646264575
quick_ablation\V3\CyberShake\reports\CyberShake_30_adare_controller_trace.csv,CyberShake_30,late:high_div:stagnant,two_point,157,0.04940121275662613
quick_ablation\V3\CyberShake\reports\CyberShake_30_adare_controller_trace.csv,CyberShake_30,late:high_div:stagnant,uniform_0_5,151,0.033841634367846256
quick_ablation\V3\CyberShake\reports\CyberShake_30_adare_controller_trace.csv,CyberShake_30,late:high_div:stagnant,uniform_0_8,170,0.06019770888498154
quick_ablation\V3\CyberShake\reports\CyberShake_30_adare_controller_trace.csv,CyberShake_30,middle:high_div:moving,one_point,86,0.03178515773343861
quick_ablation\V3\CyberShake\reports\CyberShake_30_adare_controller_trace.csv,CyberShake_30,middle:high_div:moving,two_point,105,0.0581954986915602
quick_ablation\V3\CyberShake\reports\CyberShake_30_adare_controller_trace.csv,CyberShake_30,middle:high_div:moving,uniform_0_5,84,0.04510423439780504
quick_ablation\V3\CyberShake\reports\CyberShake_30_adare_controller_trace.csv,CyberShake_30,middle:high_div:moving,uniform_0_8,118,0.059341393080289837
quick_ablation\V3\CyberShake\reports\CyberShake_30_adare_controller_trace.csv,CyberShake_30,middle:high_div:stagnant,one_point,168,0.06619261302582527
quick_ablation\V3\CyberShake\reports\CyberShake_30_adare_controller_trace.csv,CyberShake_30,middle:high_div:stagnant,two_point,166,0.0561881167644352
quick_ablation\V3\CyberShake\reports\CyberShake_30_adare_controller_trace.csv,CyberShake_30,middle:high_div:stagnant,uniform_0_5,147,0.047752981098584196
quick_ablation\V3\CyberShake\reports\CyberShake_30_adare_controller_trace.csv,CyberShake_30,middle:high_div:stagnant,uniform_0_8,125,0.060763103853584896
quick_ablation\V3\Epigenomics\reports\Epigenomics_24_adare_controller_trace.csv,Epigenomics_24,early:high_div:moving,one_point,212,0.09888752580302412
quick_ablation\V3\Epigenomics\reports\Epigenomics_24_adare_controller_trace.csv,Epigenomics_24,early:high_div:moving,two_point,227,0.08548935596891616
quick_ablation\V3\Epigenomics\reports\Epigenomics_24_adare_controller_trace.csv,Epigenomics_24,early:high_div:moving,uniform_0_5,163,0.050314548259393896
quick_ablation\V3\Epigenomics\reports\Epigenomics_24_adare_controller_trace.csv,Epigenomics_24,early:high_div:moving,uniform_0_8,290,0.07185243064076526
quick_ablation\V3\Epigenomics\reports\Epigenomics_24_adare_controller_trace.csv,Epigenomics_24,early:high_div:stagnant,one_point,29,0.05522584215804119
quick_ablation\V3\Epigenomics\reports\Epigenomics_24_adare_controller_trace.csv,Epigenomics_24,early:high_div:stagnant,two_point,31,0.0635816983552581
quick_ablation\V3\Epigenomics\reports\Epigenomics_24_adare_controller_trace.csv,Epigenomics_24,early:high_div:stagnant,uniform_0_5,30,0.04997689071637625
quick_ablation\V3\Epigenomics\reports\Epigenomics_24_adare_controller_trace.csv,Epigenomics_24,early:high_div:stagnant,uniform_0_8,29,0.0763638945304894
quick_ablation\V3\Epigenomics\reports\Epigenomics_24_adare_controller_trace.csv,Epigenomics_24,late:high_div:stagnant,one_point,312,0.07299418798106642
quick_ablation\V3\Epigenomics\reports\Epigenomics_24_adare_controller_trace.csv,Epigenomics_24,late:high_div:stagnant,two_point,250,0.07208798516892996
quick_ablation\V3\Epigenomics\reports\Epigenomics_24_adare_controller_trace.csv,Epigenomics_24,late:high_div:stagnant,uniform_0_5,219,0.05080233822150311
quick_ablation\V3\Epigenomics\reports\Epigenomics_24_adare_controller_trace.csv,Epigenomics_24,late:high_div:stagnant,uniform_0_8,179,0.05317459102699542
quick_ablation\V3\Epigenomics\reports\Epigenomics_24_adare_controller_trace.csv,Epigenomics_24,middle:high_div:moving,one_point,176,0.0822457543766416
quick_ablation\V3\Epigenomics\reports\Epigenomics_24_adare_controller_trace.csv,Epigenomics_24,middle:high_div:moving,two_point,201,0.08668550968204462
quick_ablation\V3\Epigenomics\reports\Epigenomics_24_adare_controller_trace.csv,Epigenomics_24,middle:high_div:moving,uniform_0_5,178,0.059255503549332726
quick_ablation\V3\Epigenomics\reports\Epigenomics_24_adare_controller_trace.csv,Epigenomics_24,middle:high_div:moving,uniform_0_8,209,0.0684756582196932
quick_ablation\V3\Epigenomics\reports\Epigenomics_24_adare_controller_trace.csv,Epigenomics_24,middle:high_div:stagnant,one_point,52,0.08174508172750966
quick_ablation\V3\Epigenomics\reports\Epigenomics_24_adare_controller_trace.csv,Epigenomics_24,middle:high_div:stagnant,two_point,52,0.07433598340152472
quick_ablation\V3\Epigenomics\reports\Epigenomics_24_adare_controller_trace.csv,Epigenomics_24,middle:high_div:stagnant,uniform_0_5,54,0.07723958256813977
quick_ablation\V3\Epigenomics\reports\Epigenomics_24_adare_controller_trace.csv,Epigenomics_24,middle:high_div:stagnant,uniform_0_8,53,0.07034398255155702
quick_ablation\V3\Montage\reports\Montage_25_adare_controller_trace.csv,Montage_25,early:high_div:moving,one_point,296,0.06190302224410632
quick_ablation\V3\Montage\reports\Montage_25_adare_controller_trace.csv,Montage_25,early:high_div:moving,two_point,232,0.05913340538372875
quick_ablation\V3\Montage\reports\Montage_25_adare_controller_trace.csv,Montage_25,early:high_div:moving,uniform_0_5,169,0.02929454011999289
quick_ablation\V3\Montage\reports\Montage_25_adare_controller_trace.csv,Montage_25,early:high_div:moving,uniform_0_8,190,0.0652330154352217
quick_ablation\V3\Montage\reports\Montage_25_adare_controller_trace.csv,Montage_25,early:high_div:stagnant,one_point,38,0.06688878338897392
quick_ablation\V3\Montage\reports\Montage_25_adare_controller_trace.csv,Montage_25,early:high_div:stagnant,two_point,32,0.04419470785323263
quick_ablation\V3\Montage\reports\Montage_25_adare_controller_trace.csv,Montage_25,early:high_div:stagnant,uniform_0_5,29,0.0356273967789607
quick_ablation\V3\Montage\reports\Montage_25_adare_controller_trace.csv,Montage_25,early:high_div:stagnant,uniform_0_8,31,0.05076050366111393
quick_ablation\V3\Montage\reports\Montage_25_adare_controller_trace.csv,Montage_25,late:high_div:moving,one_point,63,0.04853683362673673
quick_ablation\V3\Montage\reports\Montage_25_adare_controller_trace.csv,Montage_25,late:high_div:moving,two_point,51,0.037843273896167894
quick_ablation\V3\Montage\reports\Montage_25_adare_controller_trace.csv,Montage_25,late:high_div:moving,uniform_0_5,42,0.006384462555324845
quick_ablation\V3\Montage\reports\Montage_25_adare_controller_trace.csv,Montage_25,late:high_div:moving,uniform_0_8,53,0.02510783733284525
quick_ablation\V3\Montage\reports\Montage_25_adare_controller_trace.csv,Montage_25,late:high_div:stagnant,one_point,221,0.044948780437068826
quick_ablation\V3\Montage\reports\Montage_25_adare_controller_trace.csv,Montage_25,late:high_div:stagnant,two_point,238,0.03443385723900894
quick_ablation\V3\Montage\reports\Montage_25_adare_controller_trace.csv,Montage_25,late:high_div:stagnant,uniform_0_5,160,0.006082931854561017
quick_ablation\V3\Montage\reports\Montage_25_adare_controller_trace.csv,Montage_25,late:high_div:stagnant,uniform_0_8,172,0.024934635417267894
quick_ablation\V3\Montage\reports\Montage_25_adare_controller_trace.csv,Montage_25,middle:high_div:moving,one_point,128,0.026710299954037432
quick_ablation\V3\Montage\reports\Montage_25_adare_controller_trace.csv,Montage_25,middle:high_div:moving,two_point,122,0.03747432052280611
quick_ablation\V3\Montage\reports\Montage_25_adare_controller_trace.csv,Montage_25,middle:high_div:moving,uniform_0_5,119,0.004365351304113424
quick_ablation\V3\Montage\reports\Montage_25_adare_controller_trace.csv,Montage_25,middle:high_div:moving,uniform_0_8,98,0.020088767146262544
quick_ablation\V3\Montage\reports\Montage_25_adare_controller_trace.csv,Montage_25,middle:high_div:stagnant,one_point,144,0.04048217624766649
quick_ablation\V3\Montage\reports\Montage_25_adare_controller_trace.csv,Montage_25,middle:high_div:stagnant,two_point,128,0.035589504475338166
quick_ablation\V3\Montage\reports\Montage_25_adare_controller_trace.csv,Montage_25,middle:high_div:stagnant,uniform_0_5,106,0.007661906578848384
quick_ablation\V3\Montage\reports\Montage_25_adare_controller_trace.csv,Montage_25,middle:high_div:stagnant,uniform_0_8,131,0.026221895947671593
quick_ablation\V4\CyberShake\reports\CyberShake_30_adare_controller_trace.csv,CyberShake_30,early:high_div:moving,one_point,200,0.07077123969176165
quick_ablation\V4\CyberShake\reports\CyberShake_30_adare_controller_trace.csv,CyberShake_30,early:high_div:moving,two_point,231,0.06958474463499145
quick_ablation\V4\CyberShake\reports\CyberShake_30_adare_controller_trace.csv,CyberShake_30,early:high_div:moving,uniform_0_5,199,0.06298247458162651
quick_ablation\V4\CyberShake\reports\CyberShake_30_adare_controller_trace.csv,CyberShake_30,early:high_div:moving,uniform_0_8,186,0.07254743543220717
quick_ablation\V4\CyberShake\reports\CyberShake_30_adare_controller_trace.csv,CyberShake_30,early:high_div:stagnant,one_point,64,0.06972200630982497
quick_ablation\V4\CyberShake\reports\CyberShake_30_adare_controller_trace.csv,CyberShake_30,early:high_div:stagnant,two_point,50,0.05211930995665584
quick_ablation\V4\CyberShake\reports\CyberShake_30_adare_controller_trace.csv,CyberShake_30,early:high_div:stagnant,uniform_0_5,54,0.038075424073033555
quick_ablation\V4\CyberShake\reports\CyberShake_30_adare_controller_trace.csv,CyberShake_30,early:high_div:stagnant,uniform_0_8,52,0.06591275510378447
quick_ablation\V4\CyberShake\reports\CyberShake_30_adare_controller_trace.csv,CyberShake_30,late:high_div:moving,one_point,56,0.039506250067500845
quick_ablation\V4\CyberShake\reports\CyberShake_30_adare_controller_trace.csv,CyberShake_30,late:high_div:moving,two_point,52,0.03724291867112073
quick_ablation\V4\CyberShake\reports\CyberShake_30_adare_controller_trace.csv,CyberShake_30,late:high_div:moving,uniform_0_5,47,0.03361802451826631
quick_ablation\V4\CyberShake\reports\CyberShake_30_adare_controller_trace.csv,CyberShake_30,late:high_div:moving,uniform_0_8,55,0.043716057693215245
quick_ablation\V4\CyberShake\reports\CyberShake_30_adare_controller_trace.csv,CyberShake_30,late:high_div:stagnant,one_point,189,0.05195888586008593
quick_ablation\V4\CyberShake\reports\CyberShake_30_adare_controller_trace.csv,CyberShake_30,late:high_div:stagnant,two_point,183,0.049100556470034556
quick_ablation\V4\CyberShake\reports\CyberShake_30_adare_controller_trace.csv,CyberShake_30,late:high_div:stagnant,uniform_0_5,181,0.029854295794289172
quick_ablation\V4\CyberShake\reports\CyberShake_30_adare_controller_trace.csv,CyberShake_30,late:high_div:stagnant,uniform_0_8,204,0.05693288269654901
quick_ablation\V4\CyberShake\reports\CyberShake_30_adare_controller_trace.csv,CyberShake_30,middle:high_div:moving,one_point,141,0.041381569869113906
quick_ablation\V4\CyberShake\reports\CyberShake_30_adare_controller_trace.csv,CyberShake_30,middle:high_div:moving,two_point,148,0.05020369656541013
quick_ablation\V4\CyberShake\reports\CyberShake_30_adare_controller_trace.csv,CyberShake_30,middle:high_div:moving,uniform_0_5,141,0.036760561379440344
quick_ablation\V4\CyberShake\reports\CyberShake_30_adare_controller_trace.csv,CyberShake_30,middle:high_div:moving,uniform_0_8,173,0.05812960796201893
quick_ablation\V4\CyberShake\reports\CyberShake_30_adare_controller_trace.csv,CyberShake_30,middle:high_div:stagnant,one_point,85,0.05281617300278411
quick_ablation\V4\CyberShake\reports\CyberShake_30_adare_controller_trace.csv,CyberShake_30,middle:high_div:stagnant,two_point,89,0.055241716303160646
quick_ablation\V4\CyberShake\reports\CyberShake_30_adare_controller_trace.csv,CyberShake_30,middle:high_div:stagnant,uniform_0_5,84,0.042746301066855535
quick_ablation\V4\CyberShake\reports\CyberShake_30_adare_controller_trace.csv,CyberShake_30,middle:high_div:stagnant,uniform_0_8,116,0.06164710592331115
quick_ablation\V4\Epigenomics\reports\Epigenomics_24_adare_controller_trace.csv,Epigenomics_24,early:high_div:moving,one_point,266,0.08472710216858978
quick_ablation\V4\Epigenomics\reports\Epigenomics_24_adare_controller_trace.csv,Epigenomics_24,early:high_div:moving,two_point,322,0.09392185891719251
quick_ablation\V4\Epigenomics\reports\Epigenomics_24_adare_controller_trace.csv,Epigenomics_24,early:high_div:moving,uniform_0_5,203,0.06893421351904709
quick_ablation\V4\Epigenomics\reports\Epigenomics_24_adare_controller_trace.csv,Epigenomics_24,early:high_div:moving,uniform_0_8,239,0.07648069222707285
quick_ablation\V4\Epigenomics\reports\Epigenomics_24_adare_controller_trace.csv,Epigenomics_24,late:high_div:moving,one_point,82,0.08910814882384109
quick_ablation\V4\Epigenomics\reports\Epigenomics_24_adare_controller_trace.csv,Epigenomics_24,late:high_div:moving,two_point,77,0.08111538468987431
quick_ablation\V4\Epigenomics\reports\Epigenomics_24_adare_controller_trace.csv,Epigenomics_24,late:high_div:moving,uniform_0_5,70,0.0634217783919464
quick_ablation\V4\Epigenomics\reports\Epigenomics_24_adare_controller_trace.csv,Epigenomics_24,late:high_div:moving,uniform_0_8,71,0.0617713549760838
quick_ablation\V4\Epigenomics\reports\Epigenomics_24_adare_controller_trace.csv,Epigenomics_24,late:high_div:stagnant,one_point,180,0.07354697185190082
quick_ablation\V4\Epigenomics\reports\Epigenomics_24_adare_controller_trace.csv,Epigenomics_24,late:high_div:stagnant,two_point,204,0.07064820431286988
quick_ablation\V4\Epigenomics\reports\Epigenomics_24_adare_controller_trace.csv,Epigenomics_24,late:high_div:stagnant,uniform_0_5,141,0.05649200509246888
quick_ablation\V4\Epigenomics\reports\Epigenomics_24_adare_controller_trace.csv,Epigenomics_24,late:high_div:stagnant,uniform_0_8,163,0.05831242943324653
quick_ablation\V4\Epigenomics\reports\Epigenomics_24_adare_controller_trace.csv,Epigenomics_24,middle:high_div:moving,one_point,119,0.07872746947181371
quick_ablation\V4\Epigenomics\reports\Epigenomics_24_adare_controller_trace.csv,Epigenomics_24,middle:high_div:moving,two_point,117,0.06551425961533973
quick_ablation\V4\Epigenomics\reports\Epigenomics_24_adare_controller_trace.csv,Epigenomics_24,middle:high_div:moving,uniform_0_5,93,0.049685751518718055
quick_ablation\V4\Epigenomics\reports\Epigenomics_24_adare_controller_trace.csv,Epigenomics_24,middle:high_div:moving,uniform_0_8,96,0.0585414558046306
quick_ablation\V4\Epigenomics\reports\Epigenomics_24_adare_controller_trace.csv,Epigenomics_24,middle:high_div:stagnant,one_point,138,0.08091969600226111
quick_ablation\V4\Epigenomics\reports\Epigenomics_24_adare_controller_trace.csv,Epigenomics_24,middle:high_div:stagnant,two_point,149,0.08193084522083509
quick_ablation\V4\Epigenomics\reports\Epigenomics_24_adare_controller_trace.csv,Epigenomics_24,middle:high_div:stagnant,uniform_0_5,119,0.06042113274519258
quick_ablation\V4\Epigenomics\reports\Epigenomics_24_adare_controller_trace.csv,Epigenomics_24,middle:high_div:stagnant,uniform_0_8,139,0.08013946132815551
quick_ablation\V4\Montage\reports\Montage_25_adare_controller_trace.csv,Montage_25,early:high_div:moving,one_point,278,0.06659772083531934
quick_ablation\V4\Montage\reports\Montage_25_adare_controller_trace.csv,Montage_25,early:high_div:moving,two_point,235,0.06483713635239216
quick_ablation\V4\Montage\reports\Montage_25_adare_controller_trace.csv,Montage_25,early:high_div:moving,uniform_0_5,202,0.035490419829024435
quick_ablation\V4\Montage\reports\Montage_25_adare_controller_trace.csv,Montage_25,early:high_div:moving,uniform_0_8,218,0.05315422979573778
quick_ablation\V4\Montage\reports\Montage_25_adare_controller_trace.csv,Montage_25,early:high_div:stagnant,one_point,22,0.04243816524731976
quick_ablation\V4\Montage\reports\Montage_25_adare_controller_trace.csv,Montage_25,early:high_div:stagnant,two_point,21,0.014692151316961808
quick_ablation\V4\Montage\reports\Montage_25_adare_controller_trace.csv,Montage_25,early:high_div:stagnant,uniform_0_5,20,-0.009247071757456055
quick_ablation\V4\Montage\reports\Montage_25_adare_controller_trace.csv,Montage_25,early:high_div:stagnant,uniform_0_8,24,0.04279156865256279
quick_ablation\V4\Montage\reports\Montage_25_adare_controller_trace.csv,Montage_25,late:high_div:stagnant,one_point,262,0.0453472852222458
quick_ablation\V4\Montage\reports\Montage_25_adare_controller_trace.csv,Montage_25,late:high_div:stagnant,two_point,226,0.04734963423086321
quick_ablation\V4\Montage\reports\Montage_25_adare_controller_trace.csv,Montage_25,late:high_div:stagnant,uniform_0_5,246,0.026258158469948004
quick_ablation\V4\Montage\reports\Montage_25_adare_controller_trace.csv,Montage_25,late:high_div:stagnant,uniform_0_8,251,0.039822900382284254
quick_ablation\V4\Montage\reports\Montage_25_adare_controller_trace.csv,Montage_25,middle:high_div:moving,one_point,132,0.037609696705052
quick_ablation\V4\Montage\reports\Montage_25_adare_controller_trace.csv,Montage_25,middle:high_div:moving,two_point,122,0.04366912280649498
quick_ablation\V4\Montage\reports\Montage_25_adare_controller_trace.csv,Montage_25,middle:high_div:moving,uniform_0_5,111,0.005053932902794454
quick_ablation\V4\Montage\reports\Montage_25_adare_controller_trace.csv,Montage_25,middle:high_div:moving,uniform_0_8,108,0.030136139120653143
quick_ablation\V4\Montage\reports\Montage_25_adare_controller_trace.csv,Montage_25,middle:high_div:stagnant,one_point,143,0.03839146997090209
quick_ablation\V4\Montage\reports\Montage_25_adare_controller_trace.csv,Montage_25,middle:high_div:stagnant,two_point,132,0.035680694918253895
quick_ablation\V4\Montage\reports\Montage_25_adare_controller_trace.csv,Montage_25,middle:high_div:stagnant,uniform_0_5,109,0.008403218257369954
quick_ablation\V4\Montage\reports\Montage_25_adare_controller_trace.csv,Montage_25,middle:high_div:stagnant,uniform_0_8,118,0.03661981856223244
quick_ablation\V5\CyberShake\reports\CyberShake_30_adare_controller_trace.csv,CyberShake_30,early:high_div:moving,one_point,171,0.0913082158813954
quick_ablation\V5\CyberShake\reports\CyberShake_30_adare_controller_trace.csv,CyberShake_30,early:high_div:moving,two_point,175,0.0673852295167974
quick_ablation\V5\CyberShake\reports\CyberShake_30_adare_controller_trace.csv,CyberShake_30,early:high_div:moving,uniform_0_5,150,0.06377718009568645
quick_ablation\V5\CyberShake\reports\CyberShake_30_adare_controller_trace.csv,CyberShake_30,early:high_div:moving,uniform_0_8,149,0.0801734687929341
quick_ablation\V5\CyberShake\reports\CyberShake_30_adare_controller_trace.csv,CyberShake_30,early:high_div:stagnant,one_point,104,0.05919147883280562
quick_ablation\V5\CyberShake\reports\CyberShake_30_adare_controller_trace.csv,CyberShake_30,early:high_div:stagnant,two_point,90,0.05970606598659316
quick_ablation\V5\CyberShake\reports\CyberShake_30_adare_controller_trace.csv,CyberShake_30,early:high_div:stagnant,uniform_0_5,95,0.04137156603524843
quick_ablation\V5\CyberShake\reports\CyberShake_30_adare_controller_trace.csv,CyberShake_30,early:high_div:stagnant,uniform_0_8,91,0.0673255420878049
quick_ablation\V5\CyberShake\reports\CyberShake_30_adare_controller_trace.csv,CyberShake_30,late:high_div:moving,one_point,101,0.060029262995014925
quick_ablation\V5\CyberShake\reports\CyberShake_30_adare_controller_trace.csv,CyberShake_30,late:high_div:moving,two_point,110,0.055667212305753805
quick_ablation\V5\CyberShake\reports\CyberShake_30_adare_controller_trace.csv,CyberShake_30,late:high_div:moving,uniform_0_5,74,0.04551873070102168
quick_ablation\V5\CyberShake\reports\CyberShake_30_adare_controller_trace.csv,CyberShake_30,late:high_div:moving,uniform_0_8,81,0.05024334703349525
quick_ablation\V5\CyberShake\reports\CyberShake_30_adare_controller_trace.csv,CyberShake_30,late:high_div:stagnant,one_point,160,0.052173055738726756
quick_ablation\V5\CyberShake\reports\CyberShake_30_adare_controller_trace.csv,CyberShake_30,late:high_div:stagnant,two_point,157,0.04862590245320284
quick_ablation\V5\CyberShake\reports\CyberShake_30_adare_controller_trace.csv,CyberShake_30,late:high_div:stagnant,uniform_0_5,140,0.03719607051614568
quick_ablation\V5\CyberShake\reports\CyberShake_30_adare_controller_trace.csv,CyberShake_30,late:high_div:stagnant,uniform_0_8,144,0.04683969085300786
quick_ablation\V5\CyberShake\reports\CyberShake_30_adare_controller_trace.csv,CyberShake_30,middle:high_div:moving,one_point,128,0.06333521697576894
quick_ablation\V5\CyberShake\reports\CyberShake_30_adare_controller_trace.csv,CyberShake_30,middle:high_div:moving,two_point,132,0.06193336611052016
quick_ablation\V5\CyberShake\reports\CyberShake_30_adare_controller_trace.csv,CyberShake_30,middle:high_div:moving,uniform_0_5,86,0.05025335447506103
quick_ablation\V5\CyberShake\reports\CyberShake_30_adare_controller_trace.csv,CyberShake_30,middle:high_div:moving,uniform_0_8,121,0.0775881792981355
quick_ablation\V5\CyberShake\reports\CyberShake_30_adare_controller_trace.csv,CyberShake_30,middle:high_div:stagnant,one_point,134,0.06446341076489755
quick_ablation\V5\CyberShake\reports\CyberShake_30_adare_controller_trace.csv,CyberShake_30,middle:high_div:stagnant,two_point,131,0.051886288522255235
quick_ablation\V5\CyberShake\reports\CyberShake_30_adare_controller_trace.csv,CyberShake_30,middle:high_div:stagnant,uniform_0_5,109,0.03243559327546314
quick_ablation\V5\CyberShake\reports\CyberShake_30_adare_controller_trace.csv,CyberShake_30,middle:high_div:stagnant,uniform_0_8,133,0.04912000184799282
quick_ablation\V5\Epigenomics\reports\Epigenomics_24_adare_controller_trace.csv,Epigenomics_24,early:high_div:moving,one_point,258,0.09241563177346115
quick_ablation\V5\Epigenomics\reports\Epigenomics_24_adare_controller_trace.csv,Epigenomics_24,early:high_div:moving,two_point,219,0.09832245862187511
quick_ablation\V5\Epigenomics\reports\Epigenomics_24_adare_controller_trace.csv,Epigenomics_24,early:high_div:moving,uniform_0_5,166,0.0666300001243418
quick_ablation\V5\Epigenomics\reports\Epigenomics_24_adare_controller_trace.csv,Epigenomics_24,early:high_div:moving,uniform_0_8,179,0.07238790704371778
quick_ablation\V5\Epigenomics\reports\Epigenomics_24_adare_controller_trace.csv,Epigenomics_24,early:high_div:stagnant,one_point,60,0.08327532641771156
quick_ablation\V5\Epigenomics\reports\Epigenomics_24_adare_controller_trace.csv,Epigenomics_24,early:high_div:stagnant,two_point,54,0.08257092022696778
quick_ablation\V5\Epigenomics\reports\Epigenomics_24_adare_controller_trace.csv,Epigenomics_24,early:high_div:stagnant,uniform_0_5,50,0.06886190603745775
quick_ablation\V5\Epigenomics\reports\Epigenomics_24_adare_controller_trace.csv,Epigenomics_24,early:high_div:stagnant,uniform_0_8,43,0.05967019556624771
quick_ablation\V5\Epigenomics\reports\Epigenomics_24_adare_controller_trace.csv,Epigenomics_24,late:high_div:moving,one_point,220,0.08154638148947646
quick_ablation\V5\Epigenomics\reports\Epigenomics_24_adare_controller_trace.csv,Epigenomics_24,late:high_div:moving,two_point,228,0.0801357615330608
quick_ablation\V5\Epigenomics\reports\Epigenomics_24_adare_controller_trace.csv,Epigenomics_24,late:high_div:moving,uniform_0_5,166,0.04951336932163451
quick_ablation\V5\Epigenomics\reports\Epigenomics_24_adare_controller_trace.csv,Epigenomics_24,late:high_div:moving,uniform_0_8,157,0.06503533391901185
quick_ablation\V5\Epigenomics\reports\Epigenomics_24_adare_controller_trace.csv,Epigenomics_24,late:high_div:stagnant,one_point,55,0.08220231727454971
quick_ablation\V5\Epigenomics\reports\Epigenomics_24_adare_controller_trace.csv,Epigenomics_24,late:high_div:stagnant,two_point,53,0.0833510458539044
quick_ablation\V5\Epigenomics\reports\Epigenomics_24_adare_controller_trace.csv,Epigenomics_24,late:high_div:stagnant,uniform_0_5,50,0.04960085250159405
quick_ablation\V5\Epigenomics\reports\Epigenomics_24_adare_controller_trace.csv,Epigenomics_24,late:high_div:stagnant,uniform_0_8,53,0.08397725005079158
quick_ablation\V5\Epigenomics\reports\Epigenomics_24_adare_controller_trace.csv,Epigenomics_24,middle:high_div:moving,one_point,67,0.07587797246308117
quick_ablation\V5\Epigenomics\reports\Epigenomics_24_adare_controller_trace.csv,Epigenomics_24,middle:high_div:moving,two_point,77,0.09297158431120374
quick_ablation\V5\Epigenomics\reports\Epigenomics_24_adare_controller_trace.csv,Epigenomics_24,middle:high_div:moving,uniform_0_5,84,0.04623099590484162
quick_ablation\V5\Epigenomics\reports\Epigenomics_24_adare_controller_trace.csv,Epigenomics_24,middle:high_div:moving,uniform_0_8,71,0.07725976951775758
quick_ablation\V5\Epigenomics\reports\Epigenomics_24_adare_controller_trace.csv,Epigenomics_24,middle:high_div:stagnant,one_point,184,0.08391021763386668
quick_ablation\V5\Epigenomics\reports\Epigenomics_24_adare_controller_trace.csv,Epigenomics_24,middle:high_div:stagnant,two_point,155,0.0833175854109843
quick_ablation\V5\Epigenomics\reports\Epigenomics_24_adare_controller_trace.csv,Epigenomics_24,middle:high_div:stagnant,uniform_0_5,155,0.049883181998379524
quick_ablation\V5\Epigenomics\reports\Epigenomics_24_adare_controller_trace.csv,Epigenomics_24,middle:high_div:stagnant,uniform_0_8,204,0.07116662219096064
quick_ablation\V5\Montage\reports\Montage_25_adare_controller_trace.csv,Montage_25,early:high_div:moving,one_point,203,0.0643236674843593
quick_ablation\V5\Montage\reports\Montage_25_adare_controller_trace.csv,Montage_25,early:high_div:moving,two_point,215,0.060807957361806886
quick_ablation\V5\Montage\reports\Montage_25_adare_controller_trace.csv,Montage_25,early:high_div:moving,uniform_0_5,230,0.03714519786670115
quick_ablation\V5\Montage\reports\Montage_25_adare_controller_trace.csv,Montage_25,early:high_div:moving,uniform_0_8,236,0.06093340760387639
quick_ablation\V5\Montage\reports\Montage_25_adare_controller_trace.csv,Montage_25,early:high_div:stagnant,one_point,33,0.03834233024947329
quick_ablation\V5\Montage\reports\Montage_25_adare_controller_trace.csv,Montage_25,early:high_div:stagnant,two_point,35,0.033965517949788984
quick_ablation\V5\Montage\reports\Montage_25_adare_controller_trace.csv,Montage_25,early:high_div:stagnant,uniform_0_5,30,-0.0017866150366812146
quick_ablation\V5\Montage\reports\Montage_25_adare_controller_trace.csv,Montage_25,early:high_div:stagnant,uniform_0_8,30,0.02990456524428424
quick_ablation\V5\Montage\reports\Montage_25_adare_controller_trace.csv,Montage_25,late:high_div:moving,one_point,65,0.06443196639787992
quick_ablation\V5\Montage\reports\Montage_25_adare_controller_trace.csv,Montage_25,late:high_div:moving,two_point,73,0.037222345152011296
quick_ablation\V5\Montage\reports\Montage_25_adare_controller_trace.csv,Montage_25,late:high_div:moving,uniform_0_5,65,0.025690615106475734
quick_ablation\V5\Montage\reports\Montage_25_adare_controller_trace.csv,Montage_25,late:high_div:moving,uniform_0_8,62,0.022571489455331353
quick_ablation\V5\Montage\reports\Montage_25_adare_controller_trace.csv,Montage_25,late:high_div:stagnant,one_point,183,0.05332519095047162
quick_ablation\V5\Montage\reports\Montage_25_adare_controller_trace.csv,Montage_25,late:high_div:stagnant,two_point,167,0.04029639388323103
quick_ablation\V5\Montage\reports\Montage_25_adare_controller_trace.csv,Montage_25,late:high_div:stagnant,uniform_0_5,157,0.010631311231570998
quick_ablation\V5\Montage\reports\Montage_25_adare_controller_trace.csv,Montage_25,late:high_div:stagnant,uniform_0_8,207,0.03735898062230821
quick_ablation\V5\Montage\reports\Montage_25_adare_controller_trace.csv,Montage_25,middle:high_div:moving,one_point,179,0.058175491324967785
quick_ablation\V5\Montage\reports\Montage_25_adare_controller_trace.csv,Montage_25,middle:high_div:moving,two_point,172,0.038214314718305435
quick_ablation\V5\Montage\reports\Montage_25_adare_controller_trace.csv,Montage_25,middle:high_div:moving,uniform_0_5,153,0.022038429314422233
quick_ablation\V5\Montage\reports\Montage_25_adare_controller_trace.csv,Montage_25,middle:high_div:moving,uniform_0_8,175,0.0404929851561155
quick_ablation\V5\Montage\reports\Montage_25_adare_controller_trace.csv,Montage_25,middle:high_div:stagnant,one_point,81,0.04540994623318431
quick_ablation\V5\Montage\reports\Montage_25_adare_controller_trace.csv,Montage_25,middle:high_div:stagnant,two_point,77,0.034804293736410793
quick_ablation\V5\Montage\reports\Montage_25_adare_controller_trace.csv,Montage_25,middle:high_div:stagnant,uniform_0_5,69,0.021397175699567207
quick_ablation\V5\Montage\reports\Montage_25_adare_controller_trace.csv,Montage_25,middle:high_div:stagnant,uniform_0_8,70,0.03508552905073503
quick_adare_trace\Montage\reports\Montage_25_adare_only_controller_trace.csv,Montage_25,early:high_div:moving,one_point,10,0.08045854749819215
quick_adare_trace\Montage\reports\Montage_25_adare_only_controller_trace.csv,Montage_25,early:high_div:moving,two_point,11,0.13099932426149644
quick_adare_trace\Montage\reports\Montage_25_adare_only_controller_trace.csv,Montage_25,early:high_div:moving,uniform_0_5,14,0.14055168968218779
quick_adare_trace\Montage\reports\Montage_25_adare_only_controller_trace.csv,Montage_25,early:high_div:moving,uniform_0_8,12,0.12736722161480712
quick_adare_trace\Montage\reports\Montage_25_adare_only_controller_trace.csv,Montage_25,late:high_div:moving,one_point,15,0.08556132792720092
quick_adare_trace\Montage\reports\Montage_25_adare_only_controller_trace.csv,Montage_25,late:high_div:moving,two_point,13,0.05542398573366844
quick_adare_trace\Montage\reports\Montage_25_adare_only_controller_trace.csv,Montage_25,late:high_div:moving,uniform_0_5,13,0.0999104345959633
quick_adare_trace\Montage\reports\Montage_25_adare_only_controller_trace.csv,Montage_25,late:high_div:moving,uniform_0_8,13,0.050644415549747364
quick_adare_trace\Montage\reports\Montage_25_adare_only_controller_trace.csv,Montage_25,middle:high_div:moving,one_point,8,0.011555045978046744
quick_adare_trace\Montage\reports\Montage_25_adare_only_controller_trace.csv,Montage_25,middle:high_div:moving,two_point,10,0.10080258885948612
quick_adare_trace\Montage\reports\Montage_25_adare_only_controller_trace.csv,Montage_25,middle:high_div:moving,uniform_0_5,8,0.01038255366258029
quick_adare_trace\Montage\reports\Montage_25_adare_only_controller_trace.csv,Montage_25,middle:high_div:moving,uniform_0_8,9,0.07087639299468851
