source_file,benchmark,event_n,run_n,pooled_spearman_rho_descriptive,mean_run_spearman_rho,median_run_spearman_rho,mean_run_rho_ci95_low,mean_run_rho_ci95_high,wilcoxon_run_rho_one_sided_p,rank_biserial_run_rho_vs_zero,positive_run_correlations,mean_reward,mean_survival_fraction
ablation_v1_v5_r20\V2\CyberShake\reports\CyberShake_30_adare_controller_trace.csv,CyberShake_30,59655,20,0.25898683823770424,0.2589955729435477,0.2606997253364389,0.24563098395763944,0.2712076254210586,9.5367431640625e-07,1.0,20,0.05503351869965114,0.3054563741513704
ablation_v1_v5_r20\V2\Epigenomics\reports\Epigenomics_24_adare_controller_trace.csv,Epigenomics_24,59537,20,0.13739025826268292,0.1376775170932847,0.14273607436059776,0.13085609379057744,0.14369796390244663,9.5367431640625e-07,1.0,20,0.07448588855388447,0.3841896635705528
ablation_v1_v5_r20\V2\Montage\reports\Montage_25_adare_controller_trace.csv,Montage_25,59476,20,0.3385259522478608,0.33827811386859397,0.3358259994522467,0.3256031691570222,0.3498252218310381,9.5367431640625e-07,1.0,20,0.036701933563521284,0.2980529961665209
ablation_v1_v5_r20\V3\CyberShake\reports\CyberShake_30_adare_controller_trace.csv,CyberShake_30,59483,20,0.2540303999332141,0.2539007193493279,0.25806245946994094,0.24232344957024976,0.2654121141021046,9.5367431640625e-07,1.0,20,0.05654861707347381,0.31008019097893513
ablation_v1_v5_r20\V3\Epigenomics\reports\Epigenomics_24_adare_controller_trace.csv,Epigenomics_24,59413,20,0.1338751487566234,0.13427133579232076,0.13140567651052723,0.1261278513151751,0.1426412389556764,9.5367431640625e-07,1.0,20,0.07389626924448611,0.3823910591957989
ablation_v1_v5_r20\V3\Montage\reports\Montage_25_adare_controller_trace.csv,Montage_25,59505,20,0.3322161861688719,0.3319270821301928,0.3392480328441364,0.3181605956026888,0.3453262924278265,9.5367431640625e-07,1.0,20,0.03748340750172169,0.2994454247542223
ablation_v1_v5_r20\V4\CyberShake\reports\CyberShake_30_adare_controller_trace.csv,CyberShake_30,59621,20,0.24874368177312925,0.2487621696215659,0.24353471418947004,0.2374805395145624,0.2601358446848236,9.5367431640625e-07,1.0,20,0.05600274242198195,0.30844836550879723
ablation_v1_v5_r20\V4\Epigenomics\reports\Epigenomics_24_adare_controller_trace.csv,Epigenomics_24,59292,20,0.13273235625262403,0.13282118479549104,0.12973042735539114,0.1242520867879915,0.14114158410170533,9.5367431640625e-07,1.0,20,0.0740231159440115,0.38121500371045
ablation_v1_v5_r20\V4\Montage\reports\Montage_25_adare_controller_trace.csv,Montage_25,59400,20,0.3263283754277041,0.3264228018092622,0.32005845012393486,0.31697523415640233,0.3371982956276563,9.5367431640625e-07,1.0,20,0.037281318795694345,0.3002693602693603
ablation_v1_v5_r20\V5\CyberShake\reports\CyberShake_30_adare_controller_trace.csv,CyberShake_30,59461,20,0.25314988302190167,0.25283079891486915,0.2624455090565099,0.23859748877192954,0.26604284654605637,9.5367431640625e-07,1.0,20,0.05726183968377318,0.3098249272632482
ablation_v1_v5_r20\V5\Epigenomics\reports\Epigenomics_24_adare_controller_trace.csv,Epigenomics_24,59474,20,0.12718021832437063,0.12746639137785915,0.12796747384839022,0.12053466948673998,0.13456536629039678,9.5367431640625e-07,1.0,20,0.07490297103692224,0.38135151494770825
ablation_v1_v5_r20\V5\Montage\reports\Montage_25_adare_controller_trace.csv,Montage_25,59368,20,0.3155893947011608,0.31591539260124896,0.31556545203280184,0.30404274209314064,0.3282948354925332,9.5367431640625e-07,1.0,20,0.03850059052323374,0.30635190675111174
adare_controller_traces_1000_r20_g100\CyberShake\reports\CyberShake_1000_adare_only_controller_trace.csv,CyberShake_1000,67897,20,0.3241408465612236,0.3239071364778706,0.3240958849352299,0.31064126407317166,0.33705661398464476,9.5367431640625e-07,1.0,20,0.03661421725132529,0.285093597655272
adare_controller_traces_1000_r20_g100\Montage\reports\Montage_1000_adare_only_controller_trace.csv,Montage_1000,68079,20,0.26392982936163173,0.26453142396773466,0.2643332531205722,0.2555504596735855,0.27347974888312304,9.5367431640625e-07,1.0,20,0.04642007638425854,0.31462712437021695
quick_ablation\V2\CyberShake\reports\CyberShake_30_adare_controller_trace.csv,CyberShake_30,2989,1,0.2594871008165098,0.2594871008165098,0.2594871008165098,0.2594871008165098,0.2594871008165098,0.5,1.0,1,0.056739512879676005,0.296587487453998
quick_ablation\V2\Epigenomics\reports\Epigenomics_24_adare_controller_trace.csv,Epigenomics_24,2995,1,0.13384327353185374,0.13384327353185374,0.13384327353185374,0.13384327353185374,0.13384327353185374,0.5,1.0,1,0.0679083289454745,0.3814691151919866
quick_ablation\V2\Montage\reports\Montage_25_adare_controller_trace.csv,Montage_25,2948,1,0.3145547225595591,0.3145547225595591,0.3145547225595591,0.3145547225595591,0.3145547225595591,0.5,1.0,1,0.040373031321437006,0.3064789687924016
quick_ablation\V3\CyberShake\reports\CyberShake_30_adare_controller_trace.csv,CyberShake_30,2993,1,0.23781546184635785,0.23781546184635785,0.23781546184635785,0.23781546184635785,0.23781546184635785,0.5,1.0,1,0.05853349760805463,0.30304042766455064
quick_ablation\V3\Epigenomics\reports\Epigenomics_24_adare_controller_trace.csv,Epigenomics_24,2946,1,0.11766622486977042,0.11766622486977042,0.11766622486977042,0.11766622486977042,0.11766622486977042,0.5,1.0,1,0.07159152084355916,0.3942634080108622
quick_ablation\V3\Montage\reports\Montage_25_adare_controller_trace.csv,Montage_25,2993,1,0.37488874897737084,0.37488874897737084,0.37488874897737084,0.37488874897737084,0.37488874897737084,0.5,1.0,1,0.037099500992309534,0.2958569996658871
quick_ablation\V4\CyberShake\reports\CyberShake_30_adare_controller_trace.csv,CyberShake_30,2980,1,0.2260564618346849,0.2260564618346849,0.2260564618346849,0.2260564618346849,0.2260564618346849,0.5,1.0,1,0.05416664403586052,0.30771812080536914
quick_ablation\V4\Epigenomics\reports\Epigenomics_24_adare_controller_trace.csv,Epigenomics_24,2988,1,0.10771607857557249,0.10771607857557249,0.10771607857557249,0.10771607857557249,0.10771607857557249,0.5,1.0,1,0.07414003185314261,0.3744979919678715
quick_ablation\V4\Montage\reports\Montage_25_adare_controller_trace.csv,Montage_25,2980,1,0.3020406440595078,0.3020406440595078,0.3020406440595078,0.3020406440595078,0.3020406440595078,0.5,1.0,1,0.041333421558954225,0.31157718120805367
quick_ablation\V5\CyberShake\reports\CyberShake_30_adare_controller_trace.csv,CyberShake_30,2966,1,0.24398678599291146,0.24398678599291146,0.24398678599291146,0.24398678599291146,0.24398678599291146,0.5,1.0,1,0.058516319916958895,0.3019217801753203
quick_ablation\V5\Epigenomics\reports\Epigenomics_24_adare_controller_trace.csv,Epigenomics_24,3008,1,0.13058464841130396,0.13058464841130396,0.13058464841130396,0.13058464841130396,0.13058464841130396,0.5,1.0,1,0.07565947380737151,0.39694148936170215
quick_ablation\V5\Montage\reports\Montage_25_adare_controller_trace.csv,Montage_25,2967,1,0.31754249332900886,0.31754249332900886,0.31754249332900886,0.31754249332900886,0.31754249332900886,0.5,1.0,1,0.04245121101076892,0.32035726322885066
quick_adare_trace\Montage\reports\Montage_25_adare_only_controller_trace.csv,Montage_25,136,1,0.2159928926707973,0.2159928926707973,0.2159928926707973,0.2159928926707973,0.2159928926707973,0.5,1.0,1,0.08473726003528466,0.41544117647058826
