source_file,benchmark,component,n,mean_seconds,std_seconds,median_seconds,mean_percent_of_total
adare_controller_traces_1000_r20_g100\CyberShake\reports\CyberShake_1000_adare_only_run_metrics.csv,CyberShake_1000,construction,20,0.01855045998818241,0.0032907323362434565,0.01766079998924397,0.09942452639594632
adare_controller_traces_1000_r20_g100\CyberShake\reports\CyberShake_1000_adare_only_run_metrics.csv,CyberShake_1000,initialization,20,13.483760940001229,0.06647887082708301,13.469984799972735,72.26864165901134
adare_controller_traces_1000_r20_g100\CyberShake\reports\CyberShake_1000_adare_only_run_metrics.csv,CyberShake_1000,controller_selection,20,0.05179515509516932,0.0006631076952710846,0.05190449906513095,0.2776054485022163
adare_controller_traces_1000_r20_g100\CyberShake\reports\CyberShake_1000_adare_only_run_metrics.csv,CyberShake_1000,mutation_and_local_repair,20,0.14751877006492578,0.012159062903313173,0.14786890012328513,0.7906533777362593
adare_controller_traces_1000_r20_g100\CyberShake\reports\CyberShake_1000_adare_only_run_metrics.csv,CyberShake_1000,archive_operations,20,0.04623705494450405,0.0011316875785928066,0.04614274998311885,0.2478158111836175
adare_controller_traces_1000_r20_g100\CyberShake\reports\CyberShake_1000_adare_only_run_metrics.csv,CyberShake_1000,fitness_evaluation,20,2.658193940029014,0.0610809944190803,2.644123949954519,14.247068467538018
adare_controller_traces_1000_r20_g100\CyberShake\reports\CyberShake_1000_adare_only_run_metrics.csv,CyberShake_1000,reward_and_controller_update,20,0.9117973000218627,0.014443846527950407,0.9103332000086084,4.886941605843098
adare_controller_traces_1000_r20_g100\CyberShake\reports\CyberShake_1000_adare_only_run_metrics.csv,CyberShake_1000,environmental_survival,20,0.9695043548737885,0.04286111468039838,0.9609505998669192,5.196232944279595
adare_controller_traces_1000_r20_g100\CyberShake\reports\CyberShake_1000_adare_only_run_metrics.csv,CyberShake_1000,final_postprocessing,20,0.0011838549980893731,0.000142794626367476,0.0011312499991618097,0.006345083765119219
adare_controller_traces_1000_r20_g100\Montage\reports\Montage_1000_adare_only_run_metrics.csv,Montage_1000,construction,20,0.021514815007685685,0.00810421790770504,0.01885809999657795,0.1138755287027673
adare_controller_traces_1000_r20_g100\Montage\reports\Montage_1000_adare_only_run_metrics.csv,Montage_1000,initialization,20,13.495647455001016,0.14848171625731463,13.466502249997575,71.43096459697195
adare_controller_traces_1000_r20_g100\Montage\reports\Montage_1000_adare_only_run_metrics.csv,Montage_1000,controller_selection,20,0.051842584583209825,0.0012827456489343685,0.05172234828933142,0.27439704810950144
adare_controller_traces_1000_r20_g100\Montage\reports\Montage_1000_adare_only_run_metrics.csv,Montage_1000,mutation_and_local_repair,20,0.14641568999213633,0.012378922103280851,0.14322510006604716,0.7749620018707523
adare_controller_traces_1000_r20_g100\Montage\reports\Montage_1000_adare_only_run_metrics.csv,Montage_1000,archive_operations,20,0.04699836496729404,0.0013158067652668424,0.0468190997489728,0.24875713116307793
adare_controller_traces_1000_r20_g100\Montage\reports\Montage_1000_adare_only_run_metrics.csv,Montage_1000,fitness_evaluation,20,2.8850560100312577,0.08122525456331398,2.8609516003052704,15.270281355523776
adare_controller_traces_1000_r20_g100\Montage\reports\Montage_1000_adare_only_run_metrics.csv,Montage_1000,reward_and_controller_update,20,0.91123313504213,0.017978953088722008,0.9087373002257664,4.8230558797430625
adare_controller_traces_1000_r20_g100\Montage\reports\Montage_1000_adare_only_run_metrics.csv,Montage_1000,environmental_survival,20,0.968332750085392,0.03376057130696061,0.9545242000604048,5.125277806794407
adare_controller_traces_1000_r20_g100\Montage\reports\Montage_1000_adare_only_run_metrics.csv,Montage_1000,final_postprocessing,20,0.0010638350067893043,0.00017288767365047678,0.0010271500214003026,0.005630760655267909
controller_ablation_r20_g70\CyberShake\reports\CyberShake_30_extended_run_metrics.csv,CyberShake_30,initialization,20,2.228849555004854,0.16808066115232095,2.183083549985895,48.16128393404035
controller_ablation_r20_g70\CyberShake\reports\CyberShake_30_extended_run_metrics.csv,CyberShake_30,controller_selection,20,0.0450659050460672,0.0015246643312625584,0.04501519963378087,0.973790197635577
controller_ablation_r20_g70\CyberShake\reports\CyberShake_30_extended_run_metrics.csv,CyberShake_30,mutation_and_local_repair,20,0.009626350036705844,0.0005789638031055643,0.009630799875594676,0.20800747916125736
controller_ablation_r20_g70\CyberShake\reports\CyberShake_30_extended_run_metrics.csv,CyberShake_30,archive_operations,20,0.024390919980942272,0.0009149699346345163,0.02438164985505864,0.5270423120200505
controller_ablation_r20_g70\CyberShake\reports\CyberShake_30_extended_run_metrics.csv,CyberShake_30,fitness_evaluation,20,1.1051970700180391,0.035848490915240394,1.1028537500242237,23.88124841027789
controller_ablation_r20_g70\CyberShake\reports\CyberShake_30_extended_run_metrics.csv,CyberShake_30,reward_and_controller_update,20,0.30659605001856105,0.010708693474295544,0.3063725500542205,6.624969094411129
controller_ablation_r20_g70\CyberShake\reports\CyberShake_30_extended_run_metrics.csv,CyberShake_30,environmental_survival,20,0.7973672200285364,0.025033603251616153,0.7945015501463786,17.229619198504913
controller_ablation_r20_g70\CyberShake\reports\CyberShake_30_extended_run_metrics.csv,CyberShake_30,final_postprocessing,20,0.0002163499972084537,1.9401961936264505e-05,0.00021379999816417694,0.004674920126972178
controller_ablation_r20_g70\CyberShake\reports\CyberShake_30_extended_run_metrics.csv,CyberShake_30,construction,20,0.001330200003576465,0.00010841308613242654,0.00130079998052679,0.028743142361247483
controller_ablation_r20_g70\Epigenomics\reports\Epigenomics_24_extended_run_metrics.csv,Epigenomics_24,initialization,20,2.1718461249984102,0.0619607775566992,2.168248300004052,47.23472370935674
controller_ablation_r20_g70\Epigenomics\reports\Epigenomics_24_extended_run_metrics.csv,Epigenomics_24,controller_selection,20,0.04431548471620772,0.000880581724604113,0.04418279972742312,0.9638020173357473
controller_ablation_r20_g70\Epigenomics\reports\Epigenomics_24_extended_run_metrics.csv,Epigenomics_24,mutation_and_local_repair,20,0.008536469985847362,0.0004425996501010449,0.008449250075500458,0.18565670771681017
controller_ablation_r20_g70\Epigenomics\reports\Epigenomics_24_extended_run_metrics.csv,Epigenomics_24,archive_operations,20,0.026553040029830298,0.0007730457599599927,0.026720300113083795,0.5774928044008836
controller_ablation_r20_g70\Epigenomics\reports\Epigenomics_24_extended_run_metrics.csv,Epigenomics_24,fitness_evaluation,20,1.0999480099329957,0.028986820996260307,1.0935972999723163,23.92238554371796
controller_ablation_r20_g70\Epigenomics\reports\Epigenomics_24_extended_run_metrics.csv,Epigenomics_24,reward_and_controller_update,20,0.3029301450762432,0.006877792028139869,0.3024955501605291,6.588322046029932
controller_ablation_r20_g70\Epigenomics\reports\Epigenomics_24_extended_run_metrics.csv,Epigenomics_24,environmental_survival,20,0.8359174849669216,0.036499808641290606,0.8296726499975193,18.180077765068102
controller_ablation_r20_g70\Epigenomics\reports\Epigenomics_24_extended_run_metrics.csv,Epigenomics_24,final_postprocessing,20,0.0002459849987644702,5.4418616131295085e-05,0.00023185001919046044,0.00534984192459524
controller_ablation_r20_g70\Epigenomics\reports\Epigenomics_24_extended_run_metrics.csv,Epigenomics_24,construction,20,0.0012350300035905092,0.00021254890027220207,0.0011596500116866082,0.026860236699506632
controller_ablation_r20_g70\Montage\reports\Montage_25_extended_run_metrics.csv,Montage_25,initialization,20,2.105668525010697,0.2469681415095244,2.0607380000001285,47.21549444086115
controller_ablation_r20_g70\Montage\reports\Montage_25_extended_run_metrics.csv,Montage_25,controller_selection,20,0.04507820026192348,0.004864975572316843,0.04396275040926412,1.0107903920252888
controller_ablation_r20_g70\Montage\reports\Montage_25_extended_run_metrics.csv,Montage_25,mutation_and_local_repair,20,0.009265339968260377,0.0009977971977449362,0.009161499794572592,0.2077571101851675
controller_ablation_r20_g70\Montage\reports\Montage_25_extended_run_metrics.csv,Montage_25,archive_operations,20,0.023887520021526144,0.0025732032445049996,0.023253249673871323,0.5356308722791958
controller_ablation_r20_g70\Montage\reports\Montage_25_extended_run_metrics.csv,Montage_25,fitness_evaluation,20,1.0976770800014493,0.13237463106589595,1.064888149878243,24.613259614737245
controller_ablation_r20_g70\Montage\reports\Montage_25_extended_run_metrics.csv,Montage_25,reward_and_controller_update,20,0.30743787001702005,0.038343067381966106,0.2989101499551907,6.893692369089795
controller_ablation_r20_g70\Montage\reports\Montage_25_extended_run_metrics.csv,Montage_25,environmental_survival,20,0.7612910499796272,0.12185792561528332,0.7361567498883232,17.07046142887463
controller_ablation_r20_g70\Montage\reports\Montage_25_extended_run_metrics.csv,Montage_25,final_postprocessing,20,0.00021882500441279263,2.043847707979241e-05,0.00021410000044852495,0.0049067223338588595
controller_ablation_r20_g70\Montage\reports\Montage_25_extended_run_metrics.csv,Montage_25,construction,20,0.0012272499967366456,0.00012560166475978848,0.001213699986692518,0.02751867860976437
large_1000_r20_g100\CyberShake\reports\CyberShake_1000_extended_run_metrics.csv,CyberShake_1000,initialization,20,13.060465549994841,0.4900018716329122,13.05792449999717,71.41569429110153
large_1000_r20_g100\CyberShake\reports\CyberShake_1000_extended_run_metrics.csv,CyberShake_1000,controller_selection,20,0.05354577944963239,0.005979505458815275,0.050372400059131905,0.2927927033776529
large_1000_r20_g100\CyberShake\reports\CyberShake_1000_extended_run_metrics.csv,CyberShake_1000,mutation_and_local_repair,20,0.14723158997658176,0.017487664817195776,0.15329499979270622,0.8050743811168757
large_1000_r20_g100\CyberShake\reports\CyberShake_1000_extended_run_metrics.csv,CyberShake_1000,archive_operations,20,0.04713841503835283,0.0031991795480552747,0.046520199975930154,0.2577567104985318
large_1000_r20_g100\CyberShake\reports\CyberShake_1000_extended_run_metrics.csv,CyberShake_1000,fitness_evaluation,20,2.6691243399662197,0.2126377656910901,2.543942799908109,14.594990290222922
large_1000_r20_g100\CyberShake\reports\CyberShake_1000_extended_run_metrics.csv,CyberShake_1000,reward_and_controller_update,20,0.9570557950821239,0.10200676040050072,0.8856611000664998,5.233259397949951
large_1000_r20_g100\CyberShake\reports\CyberShake_1000_extended_run_metrics.csv,CyberShake_1000,environmental_survival,20,0.9507544849562691,0.06352221031218218,0.9591842500376515,5.198803318581352
large_1000_r20_g100\CyberShake\reports\CyberShake_1000_extended_run_metrics.csv,CyberShake_1000,final_postprocessing,20,0.0013194400031352415,0.00037978073728606914,0.0011564999585971236,0.007214805899426278
large_1000_r20_g100\CyberShake\reports\CyberShake_1000_extended_run_metrics.csv,CyberShake_1000,construction,20,0.022201835006126203,0.0070386185937288594,0.020111599995288998,0.1214014504635795
large_1000_r20_g100\Inspiral\reports\Inspiral_1000_extended_run_metrics.csv,Inspiral_1000,initialization,20,12.705264550007996,0.27381536577433097,12.64240385001176,73.76262168190773
large_1000_r20_g100\Inspiral\reports\Inspiral_1000_extended_run_metrics.csv,Inspiral_1000,controller_selection,20,0.047782010020455346,0.000826651807366197,0.04760185242048465,0.2774067642958095
large_1000_r20_g100\Inspiral\reports\Inspiral_1000_extended_run_metrics.csv,Inspiral_1000,mutation_and_local_repair,20,0.14160525000479537,0.011606149381418233,0.14268330016057007,0.8221138916992572
large_1000_r20_g100\Inspiral\reports\Inspiral_1000_extended_run_metrics.csv,Inspiral_1000,archive_operations,20,0.04387816503003705,0.0013823691335397128,0.043780550215160474,0.25474231366594413
large_1000_r20_g100\Inspiral\reports\Inspiral_1000_extended_run_metrics.csv,Inspiral_1000,fitness_evaluation,20,2.180598625022685,0.06900831469081774,2.1638348000124097,12.659844333389758
large_1000_r20_g100\Inspiral\reports\Inspiral_1000_extended_run_metrics.csv,Inspiral_1000,reward_and_controller_update,20,0.8764045650634216,0.012424808117581239,0.8754981500096619,5.088119032753976
large_1000_r20_g100\Inspiral\reports\Inspiral_1000_extended_run_metrics.csv,Inspiral_1000,environmental_survival,20,0.8758603049849626,0.027496310776169097,0.8725727002602071,5.084959236269147
large_1000_r20_g100\Inspiral\reports\Inspiral_1000_extended_run_metrics.csv,Inspiral_1000,final_postprocessing,20,0.0011441599926911294,0.0001318894091910253,0.0010746000043582171,0.006642619707151001
large_1000_r20_g100\Inspiral\reports\Inspiral_1000_extended_run_metrics.csv,Inspiral_1000,construction,20,0.01850099000148475,0.004985056028965006,0.017698399984510615,0.10741071316137361
large_1000_r20_g100\Montage\reports\Montage_1000_extended_run_metrics.csv,Montage_1000,initialization,20,12.649014814995462,0.1590065877093353,12.623286949994508,71.19972038181992
large_1000_r20_g100\Montage\reports\Montage_1000_extended_run_metrics.csv,Montage_1000,controller_selection,20,0.047466700329096057,0.0008670587509322805,0.04712444971664809,0.2671841119889218
large_1000_r20_g100\Montage\reports\Montage_1000_extended_run_metrics.csv,Montage_1000,mutation_and_local_repair,20,0.14229130503954365,0.011072102437353933,0.14176155009772629,0.8009399372012187
large_1000_r20_g100\Montage\reports\Montage_1000_extended_run_metrics.csv,Montage_1000,archive_operations,20,0.04593582996458281,0.0011580644483449808,0.0457528498955071,0.25856703441502715
large_1000_r20_g100\Montage\reports\Montage_1000_extended_run_metrics.csv,Montage_1000,fitness_evaluation,20,2.7064879149518672,0.06184141471843621,2.686860149842687,15.234481544989547
large_1000_r20_g100\Montage\reports\Montage_1000_extended_run_metrics.csv,Montage_1000,reward_and_controller_update,20,0.8716233949817251,0.010201701121212685,0.871378849959001,4.906258938631314
large_1000_r20_g100\Montage\reports\Montage_1000_extended_run_metrics.csv,Montage_1000,environmental_survival,20,0.9325691600388382,0.020566779189245654,0.931005249847658,5.2493150180169
large_1000_r20_g100\Montage\reports\Montage_1000_extended_run_metrics.csv,Montage_1000,final_postprocessing,20,0.0010242900054436177,7.217821182134714e-05,0.0010168000007979572,0.005765600170775398
large_1000_r20_g100\Montage\reports\Montage_1000_extended_run_metrics.csv,Montage_1000,construction,20,0.020537574993795715,0.004406358865103349,0.019714900001417845,0.11560343775907232
large_1000_r20_g100\Sipht\reports\Sipht_1000_extended_run_metrics.csv,Sipht_1000,initialization,20,12.79424950000248,0.3318102774515682,12.646895000041695,74.4121926337881
large_1000_r20_g100\Sipht\reports\Sipht_1000_extended_run_metrics.csv,Sipht_1000,controller_selection,20,0.04860871476412285,0.0032632777453747595,0.047427149169379845,0.2827114671093501
large_1000_r20_g100\Sipht\reports\Sipht_1000_extended_run_metrics.csv,Sipht_1000,mutation_and_local_repair,20,0.13724312999111135,0.00886784089781344,0.13762180000776425,0.7982150282875614
large_1000_r20_g100\Sipht\reports\Sipht_1000_extended_run_metrics.csv,Sipht_1000,archive_operations,20,0.04302191501192283,0.0019810277988264445,0.042604150221450254,0.25021827402545505
large_1000_r20_g100\Sipht\reports\Sipht_1000_extended_run_metrics.csv,Sipht_1000,fitness_evaluation,20,2.077975209953729,0.14737408251152057,2.0313550497812685,12.085639850253287
large_1000_r20_g100\Sipht\reports\Sipht_1000_extended_run_metrics.csv,Sipht_1000,reward_and_controller_update,20,0.8601856200635666,0.049943260136893264,0.8438713503128383,5.002895876070899
large_1000_r20_g100\Sipht\reports\Sipht_1000_extended_run_metrics.csv,Sipht_1000,environmental_survival,20,0.8643243050406454,0.03686152384229003,0.8533195501659065,5.026966738825679
large_1000_r20_g100\Sipht\reports\Sipht_1000_extended_run_metrics.csv,Sipht_1000,final_postprocessing,20,0.0010529049992328509,0.00016225192829645829,0.0010375499841757119,0.006123764401184941
large_1000_r20_g100\Sipht\reports\Sipht_1000_extended_run_metrics.csv,Sipht_1000,construction,20,0.018972835000022316,0.006539698476352415,0.016433550015790388,0.11034725036669513
large_1000_r20_g50\CyberShake\reports\CyberShake_1000_extended_run_metrics.csv,CyberShake_1000,initialization,20,13.497688470000867,0.35568179083488377,13.476471999980276,82.20775460180467
large_1000_r20_g50\CyberShake\reports\CyberShake_1000_extended_run_metrics.csv,CyberShake_1000,controller_selection,20,0.03113525496737566,0.0046967583355193255,0.029692050447920337,0.18962946177868586
large_1000_r20_g50\CyberShake\reports\CyberShake_1000_extended_run_metrics.csv,CyberShake_1000,mutation_and_local_repair,20,0.08094712499005255,0.016082784281822544,0.07771104987477884,0.4930089623637182
large_1000_r20_g50\CyberShake\reports\CyberShake_1000_extended_run_metrics.csv,CyberShake_1000,archive_operations,20,0.028833079981268384,0.004069598295749346,0.027683549968060106,0.17560805087348158
large_1000_r20_g50\CyberShake\reports\CyberShake_1000_extended_run_metrics.csv,CyberShake_1000,fitness_evaluation,20,1.4767564250272698,0.11586582648923098,1.4499720000021625,8.994194084794458
large_1000_r20_g50\CyberShake\reports\CyberShake_1000_extended_run_metrics.csv,CyberShake_1000,reward_and_controller_update,20,0.5556395199935651,0.07277010304446493,0.5338260501448531,3.3841259122416685
large_1000_r20_g50\CyberShake\reports\CyberShake_1000_extended_run_metrics.csv,CyberShake_1000,environmental_survival,20,0.5091980999975931,0.05900637574763574,0.4895070498168934,3.1012741582636814
large_1000_r20_g50\CyberShake\reports\CyberShake_1000_extended_run_metrics.csv,CyberShake_1000,final_postprocessing,20,0.0011649749911157414,0.00022211981600927687,0.0010865999793168157,0.007095287344920941
large_1000_r20_g50\CyberShake\reports\CyberShake_1000_extended_run_metrics.csv,CyberShake_1000,construction,20,0.02780054000322707,0.008145199385312617,0.0263882500003092,0.16931935978981727
large_1000_r20_g50\Inspiral\reports\Inspiral_1000_extended_run_metrics.csv,Inspiral_1000,initialization,20,13.518906165001681,0.09408293336751329,13.532874849974178,83.61220984616857
large_1000_r20_g50\Inspiral\reports\Inspiral_1000_extended_run_metrics.csv,Inspiral_1000,controller_selection,20,0.029930295070516876,0.0024438007699973075,0.02964815142331645,0.18511394943124015
large_1000_r20_g50\Inspiral\reports\Inspiral_1000_extended_run_metrics.csv,Inspiral_1000,mutation_and_local_repair,20,0.07966601000807713,0.009939229152764807,0.07825695001520216,0.4927211613944569
large_1000_r20_g50\Inspiral\reports\Inspiral_1000_extended_run_metrics.csv,Inspiral_1000,archive_operations,20,0.02891791501606349,0.0028185774827495787,0.02881904991227202,0.17885254540018247
large_1000_r20_g50\Inspiral\reports\Inspiral_1000_extended_run_metrics.csv,Inspiral_1000,fitness_evaluation,20,1.2597869649907807,0.0697995720696757,1.2406535500485916,7.791575057379199
large_1000_r20_g50\Inspiral\reports\Inspiral_1000_extended_run_metrics.csv,Inspiral_1000,reward_and_controller_update,20,0.5350638050149428,0.036649753858808205,0.5325117000902537,3.3092815794385873
large_1000_r20_g50\Inspiral\reports\Inspiral_1000_extended_run_metrics.csv,Inspiral_1000,environmental_survival,20,0.4921661100292113,0.025850472921467017,0.4831194499565754,3.0439663955556266
large_1000_r20_g50\Inspiral\reports\Inspiral_1000_extended_run_metrics.csv,Inspiral_1000,final_postprocessing,20,0.001219884993042797,0.0003153202858705898,0.0010813999979291111,0.0075447879274834475
large_1000_r20_g50\Inspiral\reports\Inspiral_1000_extended_run_metrics.csv,Inspiral_1000,construction,20,0.026423175013042054,0.006743958123268075,0.02477690004161559,0.16342298903679356
large_1000_r20_g50\Montage\reports\Montage_1000_extended_run_metrics.csv,Montage_1000,initialization,20,13.412461795003036,0.3449903213327371,13.457299200003035,81.83856092457418
large_1000_r20_g50\Montage\reports\Montage_1000_extended_run_metrics.csv,Montage_1000,controller_selection,20,0.029649295029230416,0.0037991197119055025,0.028472899895859882,0.18091053489705755
large_1000_r20_g50\Montage\reports\Montage_1000_extended_run_metrics.csv,Montage_1000,mutation_and_local_repair,20,0.08012387996423058,0.008111392673026463,0.08211259989184327,0.4888903418467831
large_1000_r20_g50\Montage\reports\Montage_1000_extended_run_metrics.csv,Montage_1000,archive_operations,20,0.028622160010854714,0.002967602781572016,0.027904050250072032,0.17464328485274272
large_1000_r20_g50\Montage\reports\Montage_1000_extended_run_metrics.csv,Montage_1000,fitness_evaluation,20,1.562584194992087,0.08630477609784612,1.5405209001037292,9.534390016997445
large_1000_r20_g50\Montage\reports\Montage_1000_extended_run_metrics.csv,Montage_1000,reward_and_controller_update,20,0.5323803749866783,0.04564189520686475,0.5251239499775693,3.2484151246288833
large_1000_r20_g50\Montage\reports\Montage_1000_extended_run_metrics.csv,Montage_1000,environmental_survival,20,0.5118503100122325,0.042525685518196445,0.5022784498869441,3.1231472208781628
large_1000_r20_g50\Montage\reports\Montage_1000_extended_run_metrics.csv,Montage_1000,final_postprocessing,20,0.0012036849948344752,0.0003321023855119797,0.0010347499919589609,0.007344501649984731
large_1000_r20_g50\Montage\reports\Montage_1000_extended_run_metrics.csv,Montage_1000,construction,20,0.030348885001149028,0.006608655835537937,0.028702399984467775,0.1851792096127173
large_1000_r20_g50\Sipht\reports\Sipht_1000_extended_run_metrics.csv,Sipht_1000,initialization,20,13.357438085001196,0.28927647052180866,13.428030049981317,82.10101140060499
large_1000_r20_g50\Sipht\reports\Sipht_1000_extended_run_metrics.csv,Sipht_1000,controller_selection,20,0.0350453198683681,0.005300127904146984,0.036523499904433265,0.21540479452280245
large_1000_r20_g50\Sipht\reports\Sipht_1000_extended_run_metrics.csv,Sipht_1000,mutation_and_local_repair,20,0.09689529499155469,0.017181375638675132,0.10144169995328411,0.5955634357533992
large_1000_r20_g50\Sipht\reports\Sipht_1000_extended_run_metrics.csv,Sipht_1000,archive_operations,20,0.032157904916675764,0.005255762676758991,0.03240879988879897,0.19765740266827012
large_1000_r20_g50\Sipht\reports\Sipht_1000_extended_run_metrics.csv,Sipht_1000,fitness_evaluation,20,1.3242662900447613,0.1296103131452031,1.355162399908295,8.139554986856755
large_1000_r20_g50\Sipht\reports\Sipht_1000_extended_run_metrics.csv,Sipht_1000,reward_and_controller_update,20,0.5933058799651917,0.06967400951008709,0.6187797499878798,3.6467331912820034
large_1000_r20_g50\Sipht\reports\Sipht_1000_extended_run_metrics.csv,Sipht_1000,environmental_survival,20,0.5680307050060946,0.07992294188201508,0.5795588000037242,3.491380240045103
large_1000_r20_g50\Sipht\reports\Sipht_1000_extended_run_metrics.csv,Sipht_1000,final_postprocessing,20,0.0012472100061131641,0.00033704797942594013,0.0011705500073730946,0.007665931317010956
large_1000_r20_g50\Sipht\reports\Sipht_1000_extended_run_metrics.csv,Sipht_1000,construction,20,0.024308610009029508,0.005674179631888727,0.02259805001085624,0.14941199463429997
large_3000_r10_g20\Epigenomics\reports\Epigenomics_3000_wfcommons_extended_run_metrics.csv,Epigenomics_3000_wfcommons,initialization,10,13.596469900000375,0.09392584834046898,13.586936900013825,87.56042726126077
large_3000_r10_g20\Epigenomics\reports\Epigenomics_3000_wfcommons_extended_run_metrics.csv,Epigenomics_3000_wfcommons,controller_selection,10,0.010687829880043864,0.0006822542696484822,0.010522250580834225,0.06882896499423607
large_3000_r10_g20\Epigenomics\reports\Epigenomics_3000_wfcommons_extended_run_metrics.csv,Epigenomics_3000_wfcommons,mutation_and_local_repair,10,0.06877750004059635,0.02277322902900403,0.06309070013230667,0.4429228567273797
large_3000_r10_g20\Epigenomics\reports\Epigenomics_3000_wfcommons_extended_run_metrics.csv,Epigenomics_3000_wfcommons,archive_operations,10,0.02165655998978764,0.0014824930825718511,0.020960349967936054,0.13946691013634935
large_3000_r10_g20\Epigenomics\reports\Epigenomics_3000_wfcommons_extended_run_metrics.csv,Epigenomics_3000_wfcommons,fitness_evaluation,10,0.9975586800079327,0.01574528202087981,1.004657650104491,6.424216350427216
large_3000_r10_g20\Epigenomics\reports\Epigenomics_3000_wfcommons_extended_run_metrics.csv,Epigenomics_3000_wfcommons,reward_and_controller_update,10,0.3810195399506483,0.02177291598498162,0.38681464991532266,2.453742328585368
large_3000_r10_g20\Epigenomics\reports\Epigenomics_3000_wfcommons_extended_run_metrics.csv,Epigenomics_3000_wfcommons,environmental_survival,10,0.18885128001566046,0.010114861484843748,0.19157130006351508,1.2161905912803714
large_3000_r10_g20\Epigenomics\reports\Epigenomics_3000_wfcommons_extended_run_metrics.csv,Epigenomics_3000_wfcommons,final_postprocessing,10,0.002477590006310493,0.00034671315314805117,0.0024275000323541462,0.015955526774693963
large_3000_r10_g20\Epigenomics\reports\Epigenomics_3000_wfcommons_extended_run_metrics.csv,Epigenomics_3000_wfcommons,construction,10,0.1095588200027123,0.10633424564675725,0.07864694998716004,0.7055520410983139
large_3000_r10_g20\Montage\reports\Montage_3000_wfcommons_extended_run_metrics.csv,Montage_3000_wfcommons,initialization,10,13.581236450001597,0.112391855861744,13.577627549995668,85.90396597166315
large_3000_r10_g20\Montage\reports\Montage_3000_wfcommons_extended_run_metrics.csv,Montage_3000_wfcommons,controller_selection,10,0.010541860206285492,0.0010997720943939694,0.010769700136734173,0.06667931920430355
large_3000_r10_g20\Montage\reports\Montage_3000_wfcommons_extended_run_metrics.csv,Montage_3000_wfcommons,mutation_and_local_repair,10,0.06732426001690328,0.016429933064847562,0.06419150010333396,0.42583905838402375
large_3000_r10_g20\Montage\reports\Montage_3000_wfcommons_extended_run_metrics.csv,Montage_3000_wfcommons,archive_operations,10,0.021373219968518244,0.0019771850349585575,0.02159945003222674,0.13518977949023536
large_3000_r10_g20\Montage\reports\Montage_3000_wfcommons_extended_run_metrics.csv,Montage_3000_wfcommons,fitness_evaluation,10,1.3356147700396832,0.038016327252805245,1.336857250018511,8.448023578643031
large_3000_r10_g20\Montage\reports\Montage_3000_wfcommons_extended_run_metrics.csv,Montage_3000_wfcommons,reward_and_controller_update,10,0.3717180999403354,0.0450223067460474,0.3824248499586247,2.3511893873493457
large_3000_r10_g20\Montage\reports\Montage_3000_wfcommons_extended_run_metrics.csv,Montage_3000_wfcommons,environmental_survival,10,0.18728067001211457,0.011424963911722588,0.1889682999753859,1.1845867173506928
large_3000_r10_g20\Montage\reports\Montage_3000_wfcommons_extended_run_metrics.csv,Montage_3000_wfcommons,final_postprocessing,10,0.002717420004773885,0.0008638700345857392,0.0024006500316318125,0.01718821084370305
large_3000_r10_g20\Montage\reports\Montage_3000_wfcommons_extended_run_metrics.csv,Montage_3000_wfcommons,construction,10,0.08416514000855387,0.019247837471156486,0.08283694999408908,0.5323609046873068
large_3000_r10_g20\Seismology\reports\Seismology_3000_wfcommons_extended_run_metrics.csv,Seismology_3000_wfcommons,initialization,10,13.662052329990548,0.10177414297147647,13.621637749980437,87.96956902543093
large_3000_r10_g20\Seismology\reports\Seismology_3000_wfcommons_extended_run_metrics.csv,Seismology_3000_wfcommons,controller_selection,10,0.011569200013764203,0.0007854511813515958,0.011611849738983437,0.07449375208040582
large_3000_r10_g20\Seismology\reports\Seismology_3000_wfcommons_extended_run_metrics.csv,Seismology_3000_wfcommons,mutation_and_local_repair,10,0.06332065002061427,0.00859001580014503,0.06387055004597642,0.40771987679302313
large_3000_r10_g20\Seismology\reports\Seismology_3000_wfcommons_extended_run_metrics.csv,Seismology_3000_wfcommons,archive_operations,10,0.02664507001172751,0.0028888069383223632,0.026946050056722015,0.17156685313221345
large_3000_r10_g20\Seismology\reports\Seismology_3000_wfcommons_extended_run_metrics.csv,Seismology_3000_wfcommons,fitness_evaluation,10,0.9232623400748707,0.07616672620600765,0.9105951499950606,5.9448601273110055
large_3000_r10_g20\Seismology\reports\Seismology_3000_wfcommons_extended_run_metrics.csv,Seismology_3000_wfcommons,reward_and_controller_update,10,0.3857999899366405,0.01894425330931966,0.38465419987915084,2.484155237075229
large_3000_r10_g20\Seismology\reports\Seismology_3000_wfcommons_extended_run_metrics.csv,Seismology_3000_wfcommons,environmental_survival,10,0.20785688999458216,0.011917311613401723,0.20683870001812465,1.3383846431074569
large_3000_r10_g20\Seismology\reports\Seismology_3000_wfcommons_extended_run_metrics.csv,Seismology_3000_wfcommons,final_postprocessing,10,0.0030873300100211056,0.0005911893484639106,0.002966000000014901,0.019879230723238193
large_3000_r10_g20\Seismology\reports\Seismology_3000_wfcommons_extended_run_metrics.csv,Seismology_3000_wfcommons,construction,10,0.08516988999326713,0.024193114304195556,0.0822492000006605,0.5484065157768471
large_3000_r10_g20\Soykb\reports\Soykb_3000_wfcommons_extended_run_metrics.csv,Soykb_3000_wfcommons,initialization,10,13.687679249997018,0.1574313564391703,13.648802900017472,83.325977356438
large_3000_r10_g20\Soykb\reports\Soykb_3000_wfcommons_extended_run_metrics.csv,Soykb_3000_wfcommons,controller_selection,10,0.011120469949673861,0.0012903380288457659,0.01076535030733794,0.06769767250497745
large_3000_r10_g20\Soykb\reports\Soykb_3000_wfcommons_extended_run_metrics.csv,Soykb_3000_wfcommons,mutation_and_local_repair,10,0.08588332001818344,0.024269407397387907,0.08466215003863908,0.5228287022529718
large_3000_r10_g20\Soykb\reports\Soykb_3000_wfcommons_extended_run_metrics.csv,Soykb_3000_wfcommons,archive_operations,10,0.023961369978496804,0.002454452254110071,0.02406529983272776,0.145868743399864
large_3000_r10_g20\Soykb\reports\Soykb_3000_wfcommons_extended_run_metrics.csv,Soykb_3000_wfcommons,fitness_evaluation,10,1.7712062700069509,0.05649441396894335,1.7578248000936583,10.782506723936592
large_3000_r10_g20\Soykb\reports\Soykb_3000_wfcommons_extended_run_metrics.csv,Soykb_3000_wfcommons,reward_and_controller_update,10,0.3916505699802656,0.025496849031000572,0.3882401999144349,2.3842366503305343
large_3000_r10_g20\Soykb\reports\Soykb_3000_wfcommons_extended_run_metrics.csv,Soykb_3000_wfcommons,environmental_survival,10,0.19753191995550878,0.013593363412416124,0.19473284992272966,1.2025077435526577
large_3000_r10_g20\Soykb\reports\Soykb_3000_wfcommons_extended_run_metrics.csv,Soykb_3000_wfcommons,final_postprocessing,10,0.00248332999763079,0.00037102231177790285,0.0023658999998588115,0.01511767593116207
large_3000_r10_g20\Soykb\reports\Soykb_3000_wfcommons_extended_run_metrics.csv,Soykb_3000_wfcommons,construction,10,0.09775996002135798,0.021352322929647477,0.09068180003669113,0.5951296831497372
large_3000_r10_g20\Srasearch\reports\Srasearch_3000_wfcommons_extended_run_metrics.csv,Srasearch_3000_wfcommons,initialization,10,13.552615139994305,0.0297842902811234,13.547583949955879,86.75516896858933
large_3000_r10_g20\Srasearch\reports\Srasearch_3000_wfcommons_extended_run_metrics.csv,Srasearch_3000_wfcommons,controller_selection,10,0.010690860089380295,0.0006463786179664945,0.010633350088028237,0.06843604454882538
large_3000_r10_g20\Srasearch\reports\Srasearch_3000_wfcommons_extended_run_metrics.csv,Srasearch_3000_wfcommons,mutation_and_local_repair,10,0.06649891000124626,0.010710765471637481,0.06810739994398318,0.4256834650576198
large_3000_r10_g20\Srasearch\reports\Srasearch_3000_wfcommons_extended_run_metrics.csv,Srasearch_3000_wfcommons,archive_operations,10,0.023172650061314925,0.0021044939576515894,0.023167800100054592,0.14833647607883102
large_3000_r10_g20\Srasearch\reports\Srasearch_3000_wfcommons_extended_run_metrics.csv,Srasearch_3000_wfcommons,fitness_evaluation,10,1.133998589986004,0.09483320185678214,1.1069346500444226,7.259133257171439
large_3000_r10_g20\Srasearch\reports\Srasearch_3000_wfcommons_extended_run_metrics.csv,Srasearch_3000_wfcommons,reward_and_controller_update,10,0.3849691600189544,0.01915726045915636,0.37954050008556806,2.464326196837191
large_3000_r10_g20\Srasearch\reports\Srasearch_3000_wfcommons_extended_run_metrics.csv,Srasearch_3000_wfcommons,environmental_survival,10,0.19688234998029658,0.010681569170147074,0.19568144986988045,1.260314807366451
large_3000_r10_g20\Srasearch\reports\Srasearch_3000_wfcommons_extended_run_metrics.csv,Srasearch_3000_wfcommons,final_postprocessing,10,0.0029635599930770695,0.0006688214236207617,0.0027831000043079257,0.018970814510125656
large_3000_r10_g20\Srasearch\reports\Srasearch_3000_wfcommons_extended_run_metrics.csv,Srasearch_3000_wfcommons,construction,10,0.09494902000878938,0.023038610597520215,0.10372665000613779,0.607802862338785
quick_adare_trace\Montage\reports\Montage_25_adare_only_run_metrics.csv,Montage_25,construction,1,0.0012984999921172857,0.0,0.0012984999921172857,0.0521709793931396
quick_adare_trace\Montage\reports\Montage_25_adare_only_run_metrics.csv,Montage_25,initialization,1,2.308771399955731,0.0,2.308771399955731,92.76154475300211
quick_adare_trace\Montage\reports\Montage_25_adare_only_run_metrics.csv,Montage_25,controller_selection,1,0.003986699739471078,0.0,0.003986699739471078,0.16017715149573455
quick_adare_trace\Montage\reports\Montage_25_adare_only_run_metrics.csv,Montage_25,mutation_and_local_repair,1,0.0007754999678581953,0.0,0.0007754999678581953,0.031157946159506747
quick_adare_trace\Montage\reports\Montage_25_adare_only_run_metrics.csv,Montage_25,archive_operations,1,0.002735899994149804,0.0,0.002735899994149804,0.10992266698726927
quick_adare_trace\Montage\reports\Montage_25_adare_only_run_metrics.csv,Montage_25,fitness_evaluation,1,0.08462779998080805,0.0,0.08462779998080805,3.4001657571721307
quick_adare_trace\Montage\reports\Montage_25_adare_only_run_metrics.csv,Montage_25,reward_and_controller_update,1,0.026924599951598793,0.0,0.026924599951598793,1.0817733983601838
quick_adare_trace\Montage\reports\Montage_25_adare_only_run_metrics.csv,Montage_25,environmental_survival,1,0.04849770001601428,0.0,0.04849770001601428,1.9485348660068469
quick_adare_trace\Montage\reports\Montage_25_adare_only_run_metrics.csv,Montage_25,final_postprocessing,1,0.00015580002218484879,0.0,0.00015580002218484879,0.006259714898883314
quick_controller_ablation\Montage\reports\Montage_25_extended_run_metrics.csv,Montage_25,initialization,1,2.3378258000011556,0.0,2.3378258000011556,94.95250051327798
quick_controller_ablation\Montage\reports\Montage_25_extended_run_metrics.csv,Montage_25,controller_selection,1,0.0018281001248396933,0.0,0.0018281001248396933,0.0742496203276047
quick_controller_ablation\Montage\reports\Montage_25_extended_run_metrics.csv,Montage_25,mutation_and_local_repair,1,0.0002188999205827713,0.0,0.0002188999205827713,0.008890779980904406
quick_controller_ablation\Montage\reports\Montage_25_extended_run_metrics.csv,Montage_25,archive_operations,1,0.001528099994175136,0.0,0.001528099994175136,0.06206489614460708
quick_controller_ablation\Montage\reports\Montage_25_extended_run_metrics.csv,Montage_25,fitness_evaluation,1,0.02902329998323694,0.0,0.02902329998323694,1.178802503828114
quick_controller_ablation\Montage\reports\Montage_25_extended_run_metrics.csv,Montage_25,reward_and_controller_update,1,0.010445399966556579,0.0,0.010445399966556579,0.42424754046489144
quick_controller_ablation\Montage\reports\Montage_25_extended_run_metrics.csv,Montage_25,environmental_survival,1,0.07491169997956604,0.0,0.07491169997956604,3.042593349237892
quick_controller_ablation\Montage\reports\Montage_25_extended_run_metrics.csv,Montage_25,final_postprocessing,1,4.080001963302493e-05,0.0,4.080001963302493e-05,0.0016571225645403676
quick_controller_ablation\Montage\reports\Montage_25_extended_run_metrics.csv,Montage_25,construction,1,0.0013390000094659626,0.0,0.0013390000094659626,0.05438446230084089
quick_extended\Montage\reports\Montage_25_extended_run_metrics.csv,Montage_25,initialization,1,2.1569259999669157,0.0,2.1569259999669157,96.8363811248234
quick_extended\Montage\reports\Montage_25_extended_run_metrics.csv,Montage_25,controller_selection,1,0.0020187998889014125,0.0,0.0020187998889014125,0.09063513326808936
quick_extended\Montage\reports\Montage_25_extended_run_metrics.csv,Montage_25,mutation_and_local_repair,1,0.00022209994494915009,0.0,0.00022209994494915009,0.009971299394243516
quick_extended\Montage\reports\Montage_25_extended_run_metrics.csv,Montage_25,archive_operations,1,0.0035370999830774963,0.0,0.0035370999830774963,0.15880005250210374
quick_extended\Montage\reports\Montage_25_extended_run_metrics.csv,Montage_25,fitness_evaluation,1,0.026527600071858615,0.0,0.026527600071858615,1.1909712205818819
quick_extended\Montage\reports\Montage_25_extended_run_metrics.csv,Montage_25,reward_and_controller_update,1,0.010575799853540957,0.0,0.010575799853540957,0.4748063611514963
quick_extended\Montage\reports\Montage_25_extended_run_metrics.csv,Montage_25,environmental_survival,1,0.021377300028689206,0.0,0.021377300028689206,0.9597456625909275
quick_extended\Montage\reports\Montage_25_extended_run_metrics.csv,Montage_25,final_postprocessing,1,5.759997293353081e-05,0.0,5.759997293353081e-05,0.0025859825195006492
quick_extended\Montage\reports\Montage_25_extended_run_metrics.csv,Montage_25,construction,1,0.0023519000387750566,0.0,0.0023519000387750566,0.10558984801787435
reward_sensitivity_r20_g70\CyberShake\reports\CyberShake_30_extended_run_metrics.csv,CyberShake_30,initialization,20,2.714258310000878,2.1623457114331024,2.210310800001025,47.087614051848135
reward_sensitivity_r20_g70\CyberShake\reports\CyberShake_30_extended_run_metrics.csv,CyberShake_30,controller_selection,20,0.05674681004602462,0.012696684746924517,0.05295949938590638,0.9844574778587973
reward_sensitivity_r20_g70\CyberShake\reports\CyberShake_30_extended_run_metrics.csv,CyberShake_30,mutation_and_local_repair,20,0.012046780006494373,0.002264731463257758,0.011494600010337308,0.20899047280181085
reward_sensitivity_r20_g70\CyberShake\reports\CyberShake_30_extended_run_metrics.csv,CyberShake_30,archive_operations,20,0.029903735063271597,0.004792217375608411,0.02998285015928559,0.5187772770851703
reward_sensitivity_r20_g70\CyberShake\reports\CyberShake_30_extended_run_metrics.csv,CyberShake_30,fitness_evaluation,20,1.489269714980037,0.22562901541491687,1.4912154499616008,25.836213635121254
reward_sensitivity_r20_g70\CyberShake\reports\CyberShake_30_extended_run_metrics.csv,CyberShake_30,reward_and_controller_update,20,0.4010764850216219,0.07014891955243346,0.3829456500825472,6.957972519558712
reward_sensitivity_r20_g70\CyberShake\reports\CyberShake_30_extended_run_metrics.csv,CyberShake_30,environmental_survival,20,0.9229923849663464,0.13151238865425532,0.8909199498593807,16.012296632178717
reward_sensitivity_r20_g70\CyberShake\reports\CyberShake_30_extended_run_metrics.csv,CyberShake_30,final_postprocessing,20,0.0002873849967727438,8.278295040990755e-05,0.0002806499833241105,0.004985624898877883
reward_sensitivity_r20_g70\CyberShake\reports\CyberShake_30_extended_run_metrics.csv,CyberShake_30,construction,20,0.0018194250005763024,0.0007411302563538487,0.0014462000108323991,0.031563827918571534
reward_sensitivity_r20_g70\Epigenomics\reports\Epigenomics_24_extended_run_metrics.csv,Epigenomics_24,initialization,20,2.2113557250006126,0.06079760329584023,2.2103175499942154,47.978967776857715
reward_sensitivity_r20_g70\Epigenomics\reports\Epigenomics_24_extended_run_metrics.csv,Epigenomics_24,controller_selection,20,0.044787244757753794,0.0022186503498721603,0.04442814984940924,0.9717322946971427
reward_sensitivity_r20_g70\Epigenomics\reports\Epigenomics_24_extended_run_metrics.csv,Epigenomics_24,mutation_and_local_repair,20,0.008766090031713247,0.0003501255533114295,0.008679700084030628,0.1901946151881498
reward_sensitivity_r20_g70\Epigenomics\reports\Epigenomics_24_extended_run_metrics.csv,Epigenomics_24,archive_operations,20,0.026506560019333845,0.0011544303692564107,0.026307149935746565,0.5751030350590073
reward_sensitivity_r20_g70\Epigenomics\reports\Epigenomics_24_extended_run_metrics.csv,Epigenomics_24,fitness_evaluation,20,1.102114119977341,0.046283074512076465,1.0954964498523623,23.912162684182388
reward_sensitivity_r20_g70\Epigenomics\reports\Epigenomics_24_extended_run_metrics.csv,Epigenomics_24,reward_and_controller_update,20,0.3026368900842499,0.007588719096959729,0.30121460030204616,6.566200739791257
reward_sensitivity_r20_g70\Epigenomics\reports\Epigenomics_24_extended_run_metrics.csv,Epigenomics_24,environmental_survival,20,0.8039622499461985,0.016909577182736363,0.80109080002876,17.44327176667517
reward_sensitivity_r20_g70\Epigenomics\reports\Epigenomics_24_extended_run_metrics.csv,Epigenomics_24,final_postprocessing,20,0.00024931000370997936,4.395325935949518e-05,0.00023729997337795794,0.005409186997467837
reward_sensitivity_r20_g70\Epigenomics\reports\Epigenomics_24_extended_run_metrics.csv,Epigenomics_24,construction,20,0.0011465650022728369,6.50652190618638e-05,0.0011338999902363867,0.02487659704686635
reward_sensitivity_r20_g70\Montage\reports\Montage_25_extended_run_metrics.csv,Montage_25,initialization,20,2.35882714499312,0.32368105858200175,2.2740726500051096,46.34681587706052
reward_sensitivity_r20_g70\Montage\reports\Montage_25_extended_run_metrics.csv,Montage_25,controller_selection,20,0.05032641541329212,0.007801349968508456,0.048298602196155116,0.9888257873677784
reward_sensitivity_r20_g70\Montage\reports\Montage_25_extended_run_metrics.csv,Montage_25,mutation_and_local_repair,20,0.010522869948181324,0.001616735160732376,0.010211550019448623,0.20675593674670711
reward_sensitivity_r20_g70\Montage\reports\Montage_25_extended_run_metrics.csv,Montage_25,archive_operations,20,0.025968595061567613,0.0032383786721926285,0.02504864995717071,0.5102373425111351
reward_sensitivity_r20_g70\Montage\reports\Montage_25_extended_run_metrics.csv,Montage_25,fitness_evaluation,20,1.3065381249529309,0.1991399578643452,1.1879973999457434,25.671182410328758
reward_sensitivity_r20_g70\Montage\reports\Montage_25_extended_run_metrics.csv,Montage_25,reward_and_controller_update,20,0.3491539299488068,0.047518638821056704,0.32894795009633526,6.860262286890308
reward_sensitivity_r20_g70\Montage\reports\Montage_25_extended_run_metrics.csv,Montage_25,environmental_survival,20,0.8652781450131443,0.12638022478260666,0.8282616498181596,17.001197800564416
reward_sensitivity_r20_g70\Montage\reports\Montage_25_extended_run_metrics.csv,Montage_25,final_postprocessing,20,0.00025494999717921016,6.889778896841634e-05,0.00023274996783584356,0.005009320247226686
reward_sensitivity_r20_g70\Montage\reports\Montage_25_extended_run_metrics.csv,Montage_25,construction,20,0.0013673199980985373,0.00025353043767589294,0.001278899988392368,0.026865439602646462
small_all_algorithms_r20_g70\CyberShake\reports\CyberShake_30_extended_run_metrics.csv,CyberShake_30,initialization,20,2.09187888999586,0.06430608172049111,2.0676435499917716,47.28983454061806
small_all_algorithms_r20_g70\CyberShake\reports\CyberShake_30_extended_run_metrics.csv,CyberShake_30,controller_selection,20,0.04459566490259022,0.001174538143634686,0.04447674978291616,1.0081470894696551
small_all_algorithms_r20_g70\CyberShake\reports\CyberShake_30_extended_run_metrics.csv,CyberShake_30,mutation_and_local_repair,20,0.009550084956572391,0.0005558236743800604,0.0095671002054587,0.2158929656993899
small_all_algorithms_r20_g70\CyberShake\reports\CyberShake_30_extended_run_metrics.csv,CyberShake_30,archive_operations,20,0.023674629986635408,0.0007061366133276273,0.023638150072656572,0.5351979697450644
small_all_algorithms_r20_g70\CyberShake\reports\CyberShake_30_extended_run_metrics.csv,CyberShake_30,fitness_evaluation,20,1.0915974650677527,0.020109841132084038,1.090231249894714,24.677080377303433
small_all_algorithms_r20_g70\CyberShake\reports\CyberShake_30_extended_run_metrics.csv,CyberShake_30,reward_and_controller_update,20,0.30390327995992267,0.006013154280528424,0.30205119980382733,6.870156725796068
small_all_algorithms_r20_g70\CyberShake\reports\CyberShake_30_extended_run_metrics.csv,CyberShake_30,environmental_survival,20,0.7494947749393759,0.03378844303370167,0.7416427998978179,16.94337280491941
small_all_algorithms_r20_g70\CyberShake\reports\CyberShake_30_extended_run_metrics.csv,CyberShake_30,final_postprocessing,20,0.0002119699929608032,1.7771322777240933e-05,0.00021379999816417694,0.004791876787241826
small_all_algorithms_r20_g70\CyberShake\reports\CyberShake_30_extended_run_metrics.csv,CyberShake_30,construction,20,0.0012973050033906475,0.00010827298344969903,0.0012756500218529254,0.029327385659110066
small_all_algorithms_r20_g70\Epigenomics\reports\Epigenomics_24_extended_run_metrics.csv,Epigenomics_24,initialization,20,2.0779245400073707,0.06015977144265382,2.0570135999878403,46.93009618770837
small_all_algorithms_r20_g70\Epigenomics\reports\Epigenomics_24_extended_run_metrics.csv,Epigenomics_24,controller_selection,20,0.044254420293145816,0.0008352544573464602,0.044272148923482746,0.9994897124999733
small_all_algorithms_r20_g70\Epigenomics\reports\Epigenomics_24_extended_run_metrics.csv,Epigenomics_24,mutation_and_local_repair,20,0.008535515051335096,0.0003031387726847902,0.00854760009679012,0.19277530760061562
small_all_algorithms_r20_g70\Epigenomics\reports\Epigenomics_24_extended_run_metrics.csv,Epigenomics_24,archive_operations,20,0.025893300073221326,0.0010928087465440367,0.025529900274705142,0.5848023061747769
small_all_algorithms_r20_g70\Epigenomics\reports\Epigenomics_24_extended_run_metrics.csv,Epigenomics_24,fitness_evaluation,20,1.080644675012445,0.026089009506748126,1.0739873999264091,24.40644863017451
small_all_algorithms_r20_g70\Epigenomics\reports\Epigenomics_24_extended_run_metrics.csv,Epigenomics_24,reward_and_controller_update,20,0.29722843994968573,0.005365961964089583,0.29630500019993633,6.712928697839899
small_all_algorithms_r20_g70\Epigenomics\reports\Epigenomics_24_extended_run_metrics.csv,Epigenomics_24,environmental_survival,20,0.7865155499806861,0.011719560002078215,0.7846283501712605,17.763518213992032
small_all_algorithms_r20_g70\Epigenomics\reports\Epigenomics_24_extended_run_metrics.csv,Epigenomics_24,final_postprocessing,20,0.00022917000460438431,1.5584181313870797e-05,0.0002260499750263989,0.0051758233527494585
small_all_algorithms_r20_g70\Epigenomics\reports\Epigenomics_24_extended_run_metrics.csv,Epigenomics_24,construction,20,0.001160240004537627,0.00017145887845598063,0.0011102500138804317,0.026204115676686165
small_all_algorithms_r20_g70\Montage\reports\Montage_25_extended_run_metrics.csv,Montage_25,initialization,20,2.0724087449954824,0.07895523347194847,2.052341550006531,47.27601642851446
small_all_algorithms_r20_g70\Montage\reports\Montage_25_extended_run_metrics.csv,Montage_25,controller_selection,20,0.044824259719462134,0.00152719318189491,0.0447037008125335,1.0225359471246154
small_all_algorithms_r20_g70\Montage\reports\Montage_25_extended_run_metrics.csv,Montage_25,mutation_and_local_repair,20,0.009248420028598048,0.000769974916413529,0.009152900252956897,0.21097597578934973
small_all_algorithms_r20_g70\Montage\reports\Montage_25_extended_run_metrics.csv,Montage_25,archive_operations,20,0.02329303003498353,0.0008952760648665851,0.023151450150180608,0.5313631653326008
small_all_algorithms_r20_g70\Montage\reports\Montage_25_extended_run_metrics.csv,Montage_25,fitness_evaluation,20,1.0741782049677568,0.03762881810651914,1.0666137499792967,24.50427146084956
small_all_algorithms_r20_g70\Montage\reports\Montage_25_extended_run_metrics.csv,Montage_25,reward_and_controller_update,20,0.3030810650496278,0.011123555915659677,0.30230044992640615,6.91391862008819
small_all_algorithms_r20_g70\Montage\reports\Montage_25_extended_run_metrics.csv,Montage_25,environmental_survival,20,0.7492405848955969,0.0480602949222702,0.7303820499219,17.091758701544773
small_all_algorithms_r20_g70\Montage\reports\Montage_25_extended_run_metrics.csv,Montage_25,final_postprocessing,20,0.0002197749970946461,4.0626911139420335e-05,0.00021349996677599847,0.005013531427288905
small_all_algorithms_r20_g70\Montage\reports\Montage_25_extended_run_metrics.csv,Montage_25,construction,20,0.0011832949967356399,7.740012422066396e-05,0.0011560000129975379,0.026993455726599447
