benchmark,run,algorithm,hv,igd,spacing,epsilon,coverage,time,makespan_best,latency_best,cost_best,energy_best
CyberShake_30,1,ADARE,0.8289787364294908,0.08789123358772719,0.06380766403554915,0.11611857299750272,nan,3.32720229998813,10806.649,47939.97545463942,1482.9772876923078,32669485.423076916
CyberShake_30,1,NSGA-III,0.7624124253179079,0.11325617637066747,0.0728694846395483,0.1707776911215,0.07758620689655173,3.499048400000902,11633.63580153846,51495.06601989482,5287.228826153846,33285935.23076923
CyberShake_30,1,NSGA-II,0.728272857384107,0.11764258246293878,0.06174629602835255,0.14549314826436668,0.008620689655172414,3.0936292999977013,11270.597154203726,52524.73694057691,4723.989210769231,33162292.376923073
CyberShake_30,1,MOEA/D,0.431714151914236,0.280142211782347,0.11399256311747627,0.4099254976208206,0.0,2.935187800001586,13881.188652334735,66239.96058897534,10614.496133846156,31088355.03846153
CyberShake_30,1,QL-NSGA-III,0.7878817467356236,0.10340121488565582,0.05841162348713918,0.14438524893369944,0.12931034482758622,3.12062309999601,11270.597154203726,56036.78491048978,3827.81421076923,32605720.423076916
CyberShake_30,1,OVEA-style,0.6479033632619698,0.2541919816486196,0.05754669227892017,0.4435350060361457,0.1724137931034483,3.0697120999975596,11169.541733398439,53318.430960679085,11363.183056923077,32327807.34615384
CyberShake_30,1,QMOEA/D-AWA-style,0.1581913962830661,0.5150581442180074,0.21439183739449025,0.8296475673527051,0.0,3.052844699996058,14456.870893846155,94592.71352885819,19964.24386153846,30762051.384615373
CyberShake_30,2,ADARE,0.8021469452918609,0.10617437479575881,0.07583497100476949,0.15097735409957005,nan,3.092069400008768,10806.649,47939.97545463942,3371.420749230769,33273528.915384613
CyberShake_30,2,NSGA-III,0.8172766562039402,0.0940096238410831,0.08262713295502773,0.13951670834855429,0.1891891891891892,2.9450841000070795,10830.683326923077,52999.10520620493,3329.858056923077,32309514.84615384
CyberShake_30,2,NSGA-II,0.737174642998782,0.10965014437236133,0.05752049545906106,0.20504045546436636,0.036036036036036036,3.0275614999991376,11501.800184615384,51451.068304492175,6050.467707692307,32163707.923076913
CyberShake_30,2,MOEA/D,0.5281078528295673,0.25206174550200305,0.08047873022444171,0.40962246585642753,0.0,3.120545799989486,15580.81963788762,63257.5754663732,10607.745784615385,30844676.57692307
CyberShake_30,2,QL-NSGA-III,0.7641518267138648,0.10388357857585725,0.05532120630762491,0.17206522460424328,0.05405405405405406,2.9659689999971306,11497.42278076923,52470.97916477165,5315.90998,32315089.492307693
CyberShake_30,2,OVEA-style,0.5963323760829766,0.2823725628993086,0.09478860174850803,0.5040280860108733,0.07207207207207207,2.8372392000019317,11482.062203846153,51475.34717438701,12710.729630769234,31536965.069230765
CyberShake_30,2,QMOEA/D-AWA-style,0.2349418683057649,0.438922239631788,0.1615086657389424,0.806715102699614,0.0,2.988033200002974,15541.265207692308,76159.55658024037,19453.399246153836,31498491.961538456
CyberShake_30,3,ADARE,0.8089725197757279,0.09859385780876831,0.07277937993670368,0.12088589543124602,nan,3.073342599993339,10806.649,47939.97545463942,3677.0742461538457,32461024.653846145
CyberShake_30,3,NSGA-III,0.8102408217810362,0.09352615518528207,0.04780674808954784,0.14259971743846236,0.13333333333333333,3.025465200000326,11455.100649921875,51527.22100707934,4659.535015384617,31344595.261538457
CyberShake_30,3,NSGA-II,0.7097394663191876,0.11319503773227849,0.05902663701368611,0.1709602259403916,0.0761904761904762,3.1305263999965973,11421.62025,50154.144725006,5291.294980000001,32415046.607692298
CyberShake_30,3,MOEA/D,0.5442838125539458,0.2180139101088439,0.1570825986647534,0.37035229579107193,0.0,3.3848196000035387,14316.783632403847,64922.14836674577,9732.96170769231,30800448.49999999
CyberShake_30,3,QL-NSGA-III,0.7789856497840576,0.0997260646103631,0.07351019231899845,0.1436788251137261,0.18095238095238095,3.450540899997577,11768.446127478965,53201.72187262922,4148.09421076923,33181673.53076923
CyberShake_30,3,OVEA-style,0.5912028767933736,0.2721146234932598,0.03875919536923967,0.4650001476615521,0.17142857142857143,3.4558475999947404,10808.61775,52232.437999789676,11841.341518461539,32927262.73076922
CyberShake_30,3,QMOEA/D-AWA-style,0.19324092057628206,0.5163085445567167,0.024507638772140038,0.8389331716030543,0.0,3.50300939999579,16427.92788538462,88980.12559230768,20171.090399999997,30842153.11538461
CyberShake_30,4,ADARE,0.8226956412541446,0.10451802567545197,0.05717189851403994,0.10015055301804515,nan,3.89919650000229,10806.649,47939.97545463942,2992.774595384615,32503520.06923077
CyberShake_30,4,NSGA-III,0.799015422738509,0.09831710298008489,0.08534499077075094,0.11136322188143519,0.14563106796116504,3.4757035999937216,11496.21124230769,50590.60589008715,3262.1419384615383,32630018.530769225
CyberShake_30,4,NSGA-II,0.7486957587382538,0.11502657034809469,0.0669960174458601,0.158467743012401,0.04854368932038835,3.145534299997962,11482.062203846153,53660.025653533645,2128.346518461538,32784671.41538461
CyberShake_30,4,MOEA/D,0.6131466933199357,0.22495504596149754,0.15786481160645977,0.30742902148088,0.009708737864077669,3.3444671999895945,14202.859966153845,60304.77793442907,8331.280015384616,30786887.923076913
CyberShake_30,4,QL-NSGA-III,0.7857386171660801,0.09286822142021155,0.04813690900695304,0.15544268378144932,0.22330097087378642,3.077921400006744,11496.21124230769,51199.673949396034,4558.697287692308,32197139.461538456
CyberShake_30,4,OVEA-style,0.6244341207281845,0.2708238047853021,0.07060834459407647,0.46567677999389623,0.24271844660194175,3.253224100000807,11497.42278076923,53094.17760073918,11856.414210769233,32330796.223076917
CyberShake_30,4,QMOEA/D-AWA-style,0.20466824398976133,0.49450071476466373,0.06281164215921674,0.8005827822658542,0.0,3.801136399997631,17696.77977230769,84110.47427923074,19316.795399999995,30766854.269230757
CyberShake_30,5,ADARE,0.7985939407445746,0.1004926953732215,0.07130904072531807,0.12914460365063446,nan,3.3326612999953795,10806.649,47939.97545463942,2898.676133846153,32170099.65384615
CyberShake_30,5,NSGA-III,0.7547668264002276,0.12180454312760164,0.06178959082266675,0.14893161410865505,0.1926605504587156,3.1981614000105765,11521.999703846153,52568.373483173076,4800.584630769231,32704829.299999993
CyberShake_30,5,NSGA-II,0.7645621116636678,0.09997312441862036,0.06706028544944931,0.12162248550353601,0.14678899082568808,3.085691299987957,10806.649,51747.88786106972,3302.138056923076,31983794.461538453
CyberShake_30,5,MOEA/D,0.6565477485087816,0.21921472190280208,0.17452220828479414,0.1618966106192603,0.027522935779816515,3.364506600002642,14445.192679230768,69705.72185214242,4385.544210769232,30817918.884615377
CyberShake_30,5,QL-NSGA-III,0.80749487664203,0.09128862399011504,0.09966532463464758,0.10442509621145192,0.1926605504587156,3.234914700005902,10887.885250000001,54369.56964830227,3405.0207492307686,31706918.115384612
CyberShake_30,5,OVEA-style,0.629576784541984,0.27331353844014733,0.04402591130757555,0.474760875818396,0.4036697247706422,2.9068972000095528,11482.062203846153,55074.97753929088,12058.77193846154,31592034.684615377
CyberShake_30,5,QMOEA/D-AWA-style,0.20733417587871208,0.5027738228230844,0.11389835854846522,0.8451595047202102,0.0,3.20573929999955,15953.87624230769,71924.66750435997,20309.78847692307,30806971.76923076
Epigenomics_24,1,ADARE,1.0676062342179877,0.04938200298429105,0.07029144467692502,0.09913557497136977,nan,3.395535999996355,261643.782125,830721.106,28195.273806153848,720815340.7392308
Epigenomics_24,1,NSGA-III,1.0814460130655312,0.04886346526235179,0.06864852135652162,0.04318258766744102,0.02459016393442623,3.0921666999929585,265308.7357089243,901197.358178137,31916.744380000004,716987533.7615384
Epigenomics_24,1,NSGA-II,1.0075151190354699,0.08108885152499576,0.05448074393555939,0.12984726083223871,0.01639344262295082,3.205950399991707,265316.825036893,896412.2512661238,28134.76726769231,717767852.4699999
Epigenomics_24,1,MOEA/D,0.8785831445379633,0.1822585730730526,0.09145683615616554,0.17234271467958082,0.00819672131147541,3.111464600006002,344617.3752165386,1128057.3094667038,138013.79765230766,715773367.9923077
Epigenomics_24,1,QL-NSGA-III,1.0559924429084688,0.05107348681226818,0.08055241742073256,0.09903199695550641,0.05737704918032787,3.1575060000031954,280264.16894436604,881282.436703119,28680.33884153846,717835640.2692307
Epigenomics_24,1,OVEA-style,0.8191668606445116,0.28027488043882565,0.028541076203830184,0.20597720104437592,0.01639344262295082,2.8677487000095425,389435.6604338943,1185683.735156271,28265.58191846154,716462307.6076922
Epigenomics_24,1,QMOEA/D-AWA-style,0.5752829226473593,0.30486657524373134,0.08264237414557304,0.46009276647120523,0.0,3.3086469000118086,392311.7391041737,1189128.2123729505,380573.53091846156,716206278.2153847
Epigenomics_24,2,ADARE,1.0759043376270956,0.0477676554056384,0.05645222541752026,0.08783439257759057,nan,3.4098784000088926,261643.782125,830721.106,28795.282107692314,717479738.5692307
Epigenomics_24,2,NSGA-III,1.0444673894915444,0.05286484772235434,0.08294463582996424,0.08864830890190928,0.046511627906976744,2.898678800003836,262140.79007214544,867598.0128671034,67094.16745692308,717029577.2776922
Epigenomics_24,2,NSGA-II,1.0148232426114432,0.07585401002334444,0.06529537910706476,0.175221786535208,0.0,3.0513840000057826,262403.37356311,832780.1783428484,28404.078415384618,716255738.2392308
Epigenomics_24,2,MOEA/D,0.7738214268455922,0.20960824645547202,0.09370470400000343,0.22730648341146428,0.007751937984496124,3.376032000000123,392403.77991442016,1135506.1785971574,201678.8572676923,715988779.5307692
Epigenomics_24,2,QL-NSGA-III,1.0613666703824105,0.052463419386455726,0.07235985097028971,0.11437707404895352,0.031007751937984496,3.410021499992581,263842.7052259615,883020.9116028488,31180.94499538462,717397870.6323078
Epigenomics_24,2,OVEA-style,0.657297948650612,0.33410989011659364,0.019168330304047295,0.29607089867078745,0.015503875968992248,3.1145977999985917,505349.93442057696,1207430.6417565113,27748.257072307693,716752867.4153847
Epigenomics_24,2,QMOEA/D-AWA-style,0.4678101076456564,0.37595401286612,0.04383572568200146,0.6013377506372689,0.0,3.2608275999955367,391215.18170372903,1164678.3409245883,489119.33961076924,715903729.5307692
Epigenomics_24,3,ADARE,1.0808192141779793,0.04429210165159026,0.05424880439171491,0.08792616657516154,nan,4.506523699994432,261643.782125,830721.106,27747.710953846152,717120794.4999999
Epigenomics_24,3,NSGA-III,1.0708316589889757,0.05059449465204373,0.09337077994037304,0.04935781994806995,0.10256410256410256,4.049148999998579,277582.3212710517,881058.8850477044,28829.104226153846,717122751.676923
Epigenomics_24,3,NSGA-II,0.955709416767015,0.10626626171621696,0.05829301149519418,0.15920147095778903,0.017094017094017096,3.531986299989512,263366.15671288467,864787.2458390504,28762.265380000004,716586540.1623077
Epigenomics_24,3,MOEA/D,0.939205286961525,0.16023513780518703,0.10875164565774853,0.13611334971986871,0.017094017094017096,4.052271499997005,322056.390940607,1023232.0807427376,127330.96426153847,716082457.576923
Epigenomics_24,3,QL-NSGA-III,1.0785545731364141,0.04641913441078056,0.07741112777067301,0.057614140662087136,0.05128205128205128,3.426848799994332,262061.9541459916,863785.5664852584,29212.491184615385,716015594.4999999
Epigenomics_24,3,OVEA-style,0.794664530246586,0.27489477974087195,0.04332970873446944,0.23182432979554257,0.017094017094017096,3.3539563000085764,414722.1480643991,1229967.9744966046,26995.372338461537,717191451.1
Epigenomics_24,3,QMOEA/D-AWA-style,0.4998499694632758,0.35916295620273286,0.13178115845235527,0.5163772674560021,0.008547008547008548,3.8875196000008145,436425.878066142,1163793.2890495732,423827.7867230769,715918752.4461539
Epigenomics_24,4,ADARE,1.09260152699751,0.05358054911957674,0.05997016729715918,0.05203611366922063,nan,3.67625709999993,261643.782125,830721.106,28496.017687692314,718079181.0169232
Epigenomics_24,4,NSGA-III,1.042715616787429,0.054610884124839595,0.07405369442631383,0.08563993582898158,0.02564102564102564,3.44543920000433,262044.11182278243,866868.4598825991,64605.507876923075,718433286.8384616
Epigenomics_24,4,NSGA-II,0.9851496499976281,0.0814758369963112,0.05776266983354661,0.17228799423510274,0.0,3.391066900003352,261975.42568782752,866575.4014772746,31069.589379999998,718394124.5615385
Epigenomics_24,4,MOEA/D,0.8352683567210032,0.1779859168457736,0.05507612435784685,0.17135907243769413,0.008547008547008548,3.1007731999998214,392506.2321363162,1067871.3443984527,158683.65284153845,716180627.8853846
Epigenomics_24,4,QL-NSGA-III,1.0234264518213274,0.05598102333423603,0.06148002464699849,0.08895666362207938,0.017094017094017096,3.0867715000058524,263226.94212195015,871096.3739866104,95357.96268769231,716411784.3930769
Epigenomics_24,4,OVEA-style,0.7739186622565222,0.2808529907373721,0.045205145719063,0.264518928933218,0.0,2.936267400000361,417942.02723186905,1273702.3351488402,28072.650533846157,733140967.2538463
Epigenomics_24,4,QMOEA/D-AWA-style,0.6371861306725772,0.32017359875174817,0.10105581513930208,0.4928594145519308,0.0,3.0579014999966603,327121.51390231674,1081627.7279216107,405754.47688307695,715874194.1153845
Epigenomics_24,5,ADARE,1.0875520295552659,0.047694009576318294,0.05230687826064946,0.04067565183863053,nan,3.377084099993226,261643.782125,830721.106,31545.545723076924,716429734.2007692
Epigenomics_24,5,NSGA-III,1.0583465776380598,0.05871308841189322,0.08580005709263147,0.08645087361417851,0.024390243902439025,3.239874700011569,294846.74414384615,886235.8479969411,28038.440380000007,718508206.1546153
Epigenomics_24,5,NSGA-II,1.028791968513359,0.06689324011555968,0.06697337136652105,0.09735573296844137,0.0,2.9438403000094695,277663.34171369893,885348.93340439,28174.914764615387,717605645.2692307
Epigenomics_24,5,MOEA/D,0.9140920998663605,0.1605268412820224,0.09318989602623944,0.15119432120384174,0.016260162601626018,3.3122148999973433,322083.3827604117,1022848.329429862,139045.5322676923,715733144.9153847
Epigenomics_24,5,QL-NSGA-III,1.0546603317576775,0.05437146968906826,0.08539391426088878,0.10174398480122186,0.024390243902439025,3.343084500011173,280361.5736956761,871586.5279453335,31263.355918461537,716342072.3084614
Epigenomics_24,5,OVEA-style,0.7980710960300881,0.2824245566650497,0.018259080902502,0.2090831005808005,0.0,3.2744303999934345,416010.9224592008,1185267.0412490054,28729.419184615384,716893840.4615384
Epigenomics_24,5,QMOEA/D-AWA-style,0.44110631897840513,0.326967720263771,0.054862621087756025,0.592955101173124,0.0,3.3248888999951305,435290.7838184616,1185628.1578547475,482677.3305692308,715794474.8846153
Montage_25,1,ADARE,0.8242146578568419,0.08545080312049877,0.053350471922680075,0.18068083742019198,nan,3.297471099998802,2282.780248461538,11159.997890769233,2040.4572984615384,10266109.201538464
Montage_25,1,NSGA-III,0.7999756733034087,0.09391005612119431,0.04405409401173254,0.17213840322263557,0.125,2.790672999995877,2856.397100291466,13232.713018804083,2162.1772215384617,10216386.915384613
Montage_25,1,NSGA-II,0.842421613927013,0.0751014252890187,0.05099413216083165,0.15223965982792462,0.125,3.2607470999937505,2930.046749630408,12665.592622959733,852.1262630769229,10100563.838461539
Montage_25,1,MOEA/D,0.5297190233395703,0.24972117572779423,0.230540175734096,0.32979810635334345,0.011363636363636364,3.0486698000022443,3996.7197226141834,15307.145708707932,3402.811529230769,9331347.846153848
Montage_25,1,QL-NSGA-III,0.8418226938165227,0.08081110283990932,0.049584609907553444,0.22053421251931496,0.2727272727272727,3.0534802000038326,2793.5580050781246,13028.740580012018,2557.755724615385,9957586.231538463
Montage_25,1,OVEA-style,0.6676720845833377,0.14999230671876934,0.05745619678261858,0.3350256587772609,0.10227272727272728,2.9812624999904074,3054.637467656249,13937.500936853969,3443.2418430769235,10335674.669230768
Montage_25,1,QMOEA/D-AWA-style,0.4761054974399353,0.37902161935535433,0.07627331649642394,0.5455469803930039,0.0,2.911728699997184,3562.1849382391833,15826.823380369595,5071.430795384614,9343099.76923077
Montage_25,2,ADARE,0.8322689668776657,0.08497646442050659,0.05759696012954386,0.11747835389398809,nan,2.82101070000499,2282.780248461538,11159.997890769233,1740.7781861538463,9805069.607692307
Montage_25,2,NSGA-III,0.8272403487472112,0.07246979087113717,0.06007564059047352,0.11853174450036388,0.3541666666666667,2.760230200001388,3059.970066340145,12883.722893951324,1768.8603753846155,9877264.531538464
Montage_25,2,NSGA-II,0.8000396628941753,0.0883969503900932,0.05261895418078711,0.16674564156384214,0.20833333333333334,2.8732969999982743,3050.045658374399,12921.291579233774,1314.9300261538463,10184997.684615385
Montage_25,2,MOEA/D,0.5658464514520787,0.19837125545493992,0.15045757291838535,0.2737311251320217,0.0,2.6756492999993498,3815.5861799098557,14721.030040306494,2969.184955384615,9258534.384615386
Montage_25,2,QL-NSGA-III,0.8075719688902104,0.08747456307810626,0.06284924380503452,0.15363927042120096,0.17708333333333334,3.0729259999934584,2841.9930673527633,12965.14470270132,1672.1938015384615,9674829.223076925
Montage_25,2,OVEA-style,0.6689906130974629,0.1791425579387206,0.042024504426528594,0.31250358407332657,0.125,2.831445999996504,3039.3088848497596,13920.503447298677,2923.393872307692,9993202.330769232
Montage_25,2,QMOEA/D-AWA-style,0.3698319869310742,0.45624698652932416,0.09311930740284599,0.6020694381357758,0.0,2.8685627000086242,3967.328975546875,16228.099627854564,5508.58006153846,9286875.730769232
Montage_25,3,ADARE,0.8173451378114516,0.09503726106497577,0.03909888237822217,0.16871900571288131,nan,2.793138799999724,2282.780248461538,11159.997890769233,2157.012718461539,10096576.146153845
Montage_25,3,NSGA-III,0.8501149398405194,0.07730253711533601,0.05930101660083922,0.10140957980235495,0.31958762886597936,2.760210199994617,3191.8912811298073,13075.647700685102,946.2108784615383,9768712.90769231
Montage_25,3,NSGA-II,0.8435701029631277,0.07571789306886575,0.04317482121156752,0.1207900955326176,0.2268041237113402,2.9955677000107244,2933.044411093749,12902.236237650239,1481.9539907692308,9863217.931538463
Montage_25,3,MOEA/D,0.6317990767041153,0.26328072821534954,0.07339165924320241,0.2892484172242102,0.041237113402061855,4.28887279999617,3678.234130552885,15157.482573719954,3089.1969492307694,9214434.223076925
Montage_25,3,QL-NSGA-III,0.8523319767253229,0.08464201289726665,0.06578783176795938,0.13958263570773258,0.25773195876288657,3.3003622999967774,3039.4145045522837,12912.366041096759,1322.4866830769233,10026892.076923076
Montage_25,3,OVEA-style,0.6459472951906491,0.1635728817996287,0.06401057572901098,0.26525568048167836,0.07216494845360824,3.582934699996258,3227.600046980168,14360.227410105166,2903.6351799999998,10650164.085384615
Montage_25,3,QMOEA/D-AWA-style,0.499590152411629,0.3585994912180606,0.0,0.5196591893979261,0.030927835051546393,3.1475041000085184,3592.386373813101,14901.92260260517,4871.212523076922,9799244.0
Montage_25,4,ADARE,0.8564098972749201,0.07208464756926,0.04250540439100187,0.11450281696745215,nan,3.5560399000096368,2282.780248461538,11159.997890769233,1521.8880323076926,9880911.915384617
Montage_25,4,NSGA-III,0.7939445803826113,0.08164699974975696,0.04797212869477897,0.19472865495320005,0.17307692307692307,3.1573916000052122,2932.639120267427,12788.176446526446,2358.173452307693,10033676.207692308
Montage_25,4,NSGA-II,0.7811952550126591,0.08701485960646343,0.03791271909051178,0.17715179739143344,0.04807692307692308,2.944398400009959,3026.236659498197,13056.451210655048,2222.2326123076928,9939550.538461538
Montage_25,4,MOEA/D,0.5887979182020613,0.18177419015801183,0.07732698514335883,0.3221803700925457,0.0,3.2170119999937015,3547.0638791706733,14396.491473079928,3343.89534,9451774.44615385
Montage_25,4,QL-NSGA-III,0.8320215954376846,0.07379543199134622,0.05714432364265197,0.1577683091901086,0.25961538461538464,3.2535628999903565,2784.0534342548067,12863.657850009015,2072.319144615385,9999884.992307693
Montage_25,4,OVEA-style,0.6368487502369731,0.2529667789203194,0.011654159973166399,0.31356794014485956,0.028846153846153848,3.0412190000060946,3230.0385195222357,14811.690506847961,3277.2861092307694,10377925.547692308
Montage_25,4,QMOEA/D-AWA-style,0.18819629961175263,0.570171274887769,0.07340100061812148,0.6629930108949392,0.0,3.2877665999985766,5131.865458323318,19263.672082250603,5979.767907692308,9239755.376923079
Montage_25,5,ADARE,0.776487691400457,0.08871827973625192,0.06255997052218747,0.19995914996919834,nan,3.205469799999264,2282.780248461538,11159.997890769233,2305.7511030769238,10378320.984615386
Montage_25,5,NSGA-III,0.7909307988883568,0.09378876575933907,0.03414726946512934,0.2392546552086536,0.11494252873563218,3.4790402999933576,2776.5681066977163,12308.858937244591,2702.5411446153853,9899930.84692308
Montage_25,5,NSGA-II,0.8098548563264178,0.09936628558641535,0.065324212845498,0.17251157899909092,0.14942528735632185,3.829005799998413,2883.9548536027646,12377.359887448918,2050.7428015384617,10218559.03076923
Montage_25,5,MOEA/D,0.5905785397232017,0.18925926347764524,0.0549521790547873,0.2731972207902844,0.0,3.34867249999661,3425.792234621394,14666.980442818509,2732.3304461538464,9214797.846153846
Montage_25,5,QL-NSGA-III,0.8193785315096566,0.07312317862243138,0.04914549321929927,0.22238252520331378,0.10344827586206896,3.031086700008018,2924.1394337800475,12989.186864771635,2572.050724615385,9635807.3
Montage_25,5,OVEA-style,0.6616392872871418,0.19727523628265436,0.053641435942303244,0.2638752270742169,0.034482758620689655,2.885608800002956,3196.387080973558,14398.196883834134,2892.958641538462,10706941.478461541
Montage_25,5,QMOEA/D-AWA-style,0.3835921500871936,0.3245637021346726,0.24098629296639953,0.5910540529069106,0.0,2.9629819999972824,3704.6816837289666,16168.004433584738,5423.386179999999,9240110.346153848
